id,name,school,dispel,mechanic,attributes,category,cast_time_ms,cooldown_ms,category_cooldown_ms,power_type,mana_cost,mana_cost_pct,range_yards,radius_yards,duration_ms,effect1,effect2,effect3,spell_icon_id,spell_weight,coeff_weight,raw_overrides,notes
72,Shield Bash,1,0,0,327696,88,0,0,12000,1,100,0,5.0,,6000,"{""amplitude"": 0, ""apply_aura"": 0, ""base_points"": -1, ""chain_targets"": 0, ""die_sides"": 1, ""implicit_target_a"": 6, ""implicit_target_b"": 0, ""mechanic"": 26, ""misc_value"": 0, ""points_per_level"": 0.0, ""radius_yards"": null, ""trigger_spell"": 0, ""type"": 68}","{""amplitude"": 0, ""apply_aura"": 0, ""base_points"": -1, ""chain_targets"": 0, ""die_sides"": 1, ""implicit_target_a"": 6, ""implicit_target_b"": 0, ""mechanic"": 0, ""misc_value"": 0, ""points_per_level"": 0.0, ""radius_yards"": null, ""trigger_spell"": 29703, ""type"": 64}",,280,,,"{""AttributesEx"": 134218240, ""AttributesEx3"": 8, ""AttributesEx6"": 8388608, ""AuraDescription_Lang_Mask"": 16712188, ""BaseLevel"": 12, ""CastingTimeIndex"": 1, ""DefenseType"": 2, ""Description_Lang_Mask"": 16712190, ""Description_Lang_enUS"": ""Bash the target with your shield dazing them and interrupting spellcasting, which prevents any spell in that school from being cast for $d."", ""EffectChainAmplitude_1"": 1.0, ""EffectChainAmplitude_2"": 1.0, ""EffectChainAmplitude_3"": 1.0, ""EquippedItemClass"": 4, ""EquippedItemSubclass"": 64, ""FacingCasterFlags"": 1, ""NameSubtext_Lang_Mask"": 16712190, ""Name_Lang_Mask"": 16712190, ""PreventionType"": 2, ""ProcChance"": 101, ""RangeIndex"": 2, ""ShapeshiftMask"": 196608, ""SpellClassMask_1"": 2048, ""SpellClassSet"": 4, ""SpellLevel"": 12, ""SpellPriority"": 50, ""SpellVisualID_1"": 42}",pulled from existing data
78,Heroic Strike,1,0,0,327700,0,0,0,0,1,150,0,5.0,,,"{""amplitude"": 0, ""apply_aura"": 0, ""base_points"": 10, ""chain_targets"": 0, ""die_sides"": 1, ""implicit_target_a"": 6, ""implicit_target_b"": 0, ""mechanic"": 0, ""misc_value"": 0, ""points_per_level"": 6.1265822784810124, ""radius_yards"": null, ""trigger_spell"": 0, ""type"": 58}",,,856,,,"{""AttributesEx"": 134217728, ""AttributesEx3"": 1024, ""AuraDescription_Lang_Mask"": 16712188, ""BaseLevel"": 1, ""CastingTimeIndex"": 1, ""DefenseType"": 2, ""Description_Lang_Mask"": 16712190, ""Description_Lang_enUS"": ""A strong attack that increases melee damage by $s1 and causes a high amount of threat."", ""EffectBonusMultiplier_1"": 1.0, ""EffectChainAmplitude_1"": 1.0, ""EffectChainAmplitude_2"": 1.0, ""EffectChainAmplitude_3"": 1.0, ""EquippedItemClass"": 2, ""EquippedItemSubclass"": 173555, ""FacingCasterFlags"": 1, ""MaxLevel"": 80, ""NameSubtext_Lang_Mask"": 16712190, ""NameSubtext_Lang_enUS"": """", ""Name_Lang_Mask"": 16712190, ""PreventionType"": 2, ""ProcChance"": 101, ""RangeIndex"": 2, ""SpellClassMask_1"": 64, ""SpellClassSet"": 4, ""SpellLevel"": 1, ""SpellPriority"": 50, ""SpellVisualID_1"": 39}",pulled from existing data; single-rank bootstrap: BasePoints/BaseLevel/SpellLevel kept from rank 1 (learn level 1); RealPointsPerLevel from rank1->covers-60-overridden(undershoot-vs-top-rank) (anchor rank 13 @ level 80); coefficient/cast_time_ms/mana_cost_pct from max rank; MaxLevel set to 80
100,Charge,1,0,0,805634064,1219,0,0,15000,1,0,0,25.0,,,"{""amplitude"": 0, ""apply_aura"": 0, ""base_points"": 0, ""chain_targets"": 0, ""die_sides"": 0, ""implicit_target_a"": 6, ""implicit_target_b"": 0, ""mechanic"": 0, ""misc_value"": 0, ""points_per_level"": 0.0, ""radius_yards"": null, ""trigger_spell"": 0, ""type"": 96}","{""amplitude"": 0, ""apply_aura"": 0, ""base_points"": 89, ""chain_targets"": 0, ""die_sides"": 1, ""implicit_target_a"": 1, ""implicit_target_b"": 0, ""mechanic"": 0, ""misc_value"": 0, ""points_per_level"": 1.0714285714285714, ""radius_yards"": 0.0, ""trigger_spell"": 0, ""type"": 3}","{""amplitude"": 0, ""apply_aura"": 0, ""base_points"": 0, ""chain_targets"": 0, ""die_sides"": 0, ""implicit_target_a"": 6, ""implicit_target_b"": 0, ""mechanic"": 0, ""misc_value"": 0, ""points_per_level"": -0.017857142857142856, ""radius_yards"": null, ""trigger_spell"": 7922, ""type"": 64}",457,,,"{""AttributesEx"": 1024, ""AttributesEx6"": 8388608, ""AttributesEx7"": 262144, ""AuraDescription_Lang_Mask"": 16712188, ""BaseLevel"": 4, ""CastingTimeIndex"": 1, ""Description_Lang_Mask"": 16712190, ""Description_Lang_enUS"": ""Charge an enemy, generate $/10;s2 rage, and stun it for $7922d.  Cannot be used in combat."", ""EffectBonusMultiplier_3"": 1.0, ""EffectChainAmplitude_1"": 1.0, ""EffectChainAmplitude_2"": 1.0, ""EffectChainAmplitude_3"": 1.0, ""EffectRadiusIndex_2"": 36, ""EquippedItemClass"": -1, ""ExcludeTargetAuraSpell"": 65219, ""FacingCasterFlags"": 1, ""MaxLevel"": 80, ""NameSubtext_Lang_Mask"": 16712190, ""NameSubtext_Lang_enUS"": """", ""Name_Lang_Mask"": 16712190, ""PreventionType"": 2, ""ProcChance"": 101, ""RangeIndex"": 95, ""ShapeshiftMask"": 65536, ""SpellClassMask_1"": 1, ""SpellClassSet"": 4, ""SpellLevel"": 4, ""SpellPriority"": 50, ""SpellVisualID_1"": 867, ""StartRecoveryCategory"": 1178}",pulled from existing data; single-rank bootstrap: BasePoints/BaseLevel/SpellLevel kept from rank 1 (learn level 4); RealPointsPerLevel from rank1->covers-60 (anchor rank 3 @ level 60); coefficient/cast_time_ms/mana_cost_pct from max rank; MaxLevel set to 80
469,Commanding Shout,1,0,0,16,0,0,0,0,1,100,0,0.0,,120000,"{""amplitude"": 0, ""apply_aura"": 230, ""base_points"": 1079, ""chain_targets"": 0, ""die_sides"": 1, ""implicit_target_a"": 56, ""implicit_target_b"": 0, ""mechanic"": 0, ""misc_value"": 0, ""points_per_level"": 97.91666666666667, ""radius_yards"": 30.0, ""trigger_spell"": 0, ""type"": 6}",,,1934,,,"{""AttributesEx6"": 67108864, ""AttributesEx7"": 268435456, ""AuraDescription_Lang_Mask"": 16712190, ""AuraDescription_Lang_enUS"": ""Maximum health increased by $s1."", ""BaseLevel"": 68, ""CastingTimeIndex"": 1, ""Description_Lang_Mask"": 16712190, ""Description_Lang_enUS"": ""Increases maximum health of all party and raid members within $a1 yards by $s1.  Lasts $d."", ""EffectBonusMultiplier_1"": 1.0, ""EffectBonusMultiplier_2"": 1.0, ""EffectBonusMultiplier_3"": 1.0, ""EffectChainAmplitude_1"": 1.0, ""EffectChainAmplitude_2"": 1.0, ""EffectChainAmplitude_3"": 1.0, ""EquippedItemClass"": -1, ""MaxLevel"": 80, ""NameSubtext_Lang_Mask"": 16712190, ""NameSubtext_Lang_enUS"": """", ""Name_Lang_Mask"": 16712190, ""PreventionType"": 1, ""ProcChance"": 101, ""RangeIndex"": 1, ""SpellClassMask_2"": 128, ""SpellClassSet"": 4, ""SpellLevel"": 68, ""SpellVisualID_1"": 246, ""StartRecoveryCategory"": 133, ""StartRecoveryTime"": 1500}",pulled from existing data; single-rank bootstrap: BasePoints/BaseLevel/SpellLevel kept from rank 1 (learn level 68); RealPointsPerLevel from rank1->top-rank-fallback (anchor rank 3 @ level 80); coefficient/cast_time_ms/mana_cost_pct from max rank; MaxLevel set to 80
676,Disarm,1,0,3,327696,109,0,0,60000,1,150,0,5.0,,10000,"{""amplitude"": 0, ""apply_aura"": 67, ""base_points"": -1, ""chain_targets"": 0, ""die_sides"": 1, ""implicit_target_a"": 6, ""implicit_target_b"": 0, ""mechanic"": 0, ""misc_value"": 0, ""points_per_level"": 0.0, ""radius_yards"": null, ""trigger_spell"": 0, ""type"": 6}","{""amplitude"": 0, ""apply_aura"": 87, ""base_points"": -1, ""chain_targets"": 0, ""die_sides"": 1, ""implicit_target_a"": 6, ""implicit_target_b"": 0, ""mechanic"": 0, ""misc_value"": 127, ""points_per_level"": 0.0, ""radius_yards"": null, ""trigger_spell"": 0, ""type"": 6}","{""amplitude"": 0, ""apply_aura"": 278, ""base_points"": 0, ""chain_targets"": 0, ""die_sides"": 0, ""implicit_target_a"": 6, ""implicit_target_b"": 0, ""mechanic"": 0, ""misc_value"": 0, ""points_per_level"": 0.0, ""radius_yards"": null, ""trigger_spell"": 0, ""type"": 6}",560,,,"{""AttributesEx"": 134218240, ""AttributesEx4"": 536872960, ""AttributesEx6"": 8388608, ""AuraDescription_Lang_Mask"": 16712190, ""AuraDescription_Lang_enUS"": ""Disarmed!"", ""BaseLevel"": 18, ""CastingTimeIndex"": 1, ""DefenseType"": 2, ""Description_Lang_Mask"": 16712190, ""Description_Lang_enUS"": ""Disarm the enemy's main hand and ranged weapons for $d."", ""EffectChainAmplitude_1"": 1.0, ""EffectChainAmplitude_2"": 1.0, ""EffectChainAmplitude_3"": 1.0, ""EquippedItemClass"": -1, ""FacingCasterFlags"": 1, ""NameSubtext_Lang_Mask"": 16712188, ""Name_Lang_Mask"": 16712190, ""PreventionType"": 2, ""ProcChance"": 101, ""RangeIndex"": 2, ""ShapeshiftMask"": 131072, ""SpellClassMask_1"": 512, ""SpellClassSet"": 4, ""SpellLevel"": 18, ""SpellPriority"": 50, ""SpellVisualID_1"": 398, ""StartRecoveryCategory"": 133, ""StartRecoveryTime"": 1500}",pulled from existing data
694,Mocking Blow,1,0,0,327696,40,0,0,60000,1,100,0,5.0,,6000,"{""amplitude"": 0, ""apply_aura"": 0, ""base_points"": -1, ""chain_targets"": 0, ""die_sides"": 1, ""implicit_target_a"": 6, ""implicit_target_b"": 0, ""mechanic"": 0, ""misc_value"": 0, ""points_per_level"": 0.0, ""radius_yards"": null, ""trigger_spell"": 0, ""type"": 121}","{""amplitude"": 0, ""apply_aura"": 11, ""base_points"": -1, ""chain_targets"": 0, ""die_sides"": 1, ""implicit_target_a"": 6, ""implicit_target_b"": 0, ""mechanic"": 0, ""misc_value"": 0, ""points_per_level"": 0.0, ""radius_yards"": null, ""trigger_spell"": 0, ""type"": 6}","{""amplitude"": 0, ""apply_aura"": 0, ""base_points"": -1, ""chain_targets"": 0, ""die_sides"": 1, ""implicit_target_a"": 6, ""implicit_target_b"": 0, ""mechanic"": 0, ""misc_value"": 0, ""points_per_level"": 0.0, ""radius_yards"": null, ""trigger_spell"": 0, ""type"": 114}",1477,,,"{""AttributesEx"": 134218240, ""AttributesEx3"": 1024, ""AttributesEx4"": 2048, ""AuraDescription_Lang_Mask"": 16712190, ""AuraDescription_Lang_enUS"": ""Taunted."", ""BaseLevel"": 16, ""CastingTimeIndex"": 1, ""DefenseType"": 2, ""Description_Lang_Mask"": 16712190, ""Description_Lang_enUS"": ""A mocking attack that causes a moderate amount of threat and forces the target to focus attacks on you for $d.  If the target is tauntable, also deals weapon damage."", ""EffectChainAmplitude_1"": 1.0, ""EffectChainAmplitude_2"": 1.0, ""EffectChainAmplitude_3"": 1.0, ""EquippedItemClass"": 2, ""EquippedItemSubclass"": 173555, ""FacingCasterFlags"": 1, ""NameSubtext_Lang_Mask"": 16712190, ""Name_Lang_Mask"": 16712190, ""PreventionType"": 2, ""ProcChance"": 101, ""RangeIndex"": 2, ""ShapeshiftMask"": 196608, ""SpellClassMask_1"": 134217728, ""SpellClassSet"": 4, ""SpellLevel"": 16, ""SpellVisualID_1"": 39, ""StartRecoveryCategory"": 133, ""StartRecoveryTime"": 1500}",pulled from existing data
772,Rend,1,0,15,327696,0,0,0,0,1,100,0,5.0,,15000,"{""amplitude"": 3000, ""apply_aura"": 3, ""base_points"": 4, ""chain_targets"": 0, ""die_sides"": 1, ""implicit_target_a"": 6, ""implicit_target_b"": 0, ""mechanic"": 15, ""misc_value"": 0, ""points_per_level"": 0.9342105263157895, ""radius_yards"": null, ""trigger_spell"": 0, ""type"": 6}",,,245,,,"{""AttributesEx"": 134218240, ""AttributesEx3"": 1024, ""AttributesEx6"": 8388608, ""AuraDescription_Lang_Mask"": 16712190, ""AuraDescription_Lang_enUS"": ""Bleeding for $s1 plus a percentage of weapon damage every $t1 seconds."", ""BaseLevel"": 4, ""CastingTimeIndex"": 1, ""DefenseType"": 2, ""Description_Lang_Mask"": 16712190, ""Description_Lang_enUS"": ""Wounds the target causing them to bleed for $o1 damage plus an additional ${0.2*5*(($MWB+$mwb)/2+$AP/14*$MWS)} (based on weapon damage) over $d."", ""EffectChainAmplitude_1"": 1.0, ""EffectChainAmplitude_2"": 1.0, ""EffectChainAmplitude_3"": 1.0, ""EquippedItemClass"": 2, ""EquippedItemSubclass"": 173555, ""FacingCasterFlags"": 1, ""MaxLevel"": 80, ""NameSubtext_Lang_Mask"": 16712190, ""NameSubtext_Lang_enUS"": """", ""Name_Lang_Mask"": 16712190, ""PreventionType"": 2, ""ProcChance"": 101, ""RangeIndex"": 2, ""ShapeshiftMask"": 196608, ""SpellClassMask_1"": 32, ""SpellClassSet"": 4, ""SpellLevel"": 4, ""SpellVisualID_1"": 372, ""StartRecoveryCategory"": 133, ""StartRecoveryTime"": 1500}",pulled from existing data; single-rank bootstrap: BasePoints/BaseLevel/SpellLevel kept from rank 1 (learn level 4); RealPointsPerLevel from rank1->covers-60-overridden(undershoot-vs-top-rank) (anchor rank 10 @ level 80); coefficient/cast_time_ms/mana_cost_pct from max rank; MaxLevel set to 80
845,Cleave,1,0,0,327700,0,0,0,0,1,200,0,5.0,,,"{""amplitude"": 0, ""apply_aura"": 0, ""base_points"": 14, ""chain_targets"": 2, ""die_sides"": 1, ""implicit_target_a"": 6, ""implicit_target_b"": 0, ""mechanic"": 0, ""misc_value"": 0, ""points_per_level"": 3.45, ""radius_yards"": null, ""trigger_spell"": 0, ""type"": 58}",,,277,,,"{""AttributesEx"": 512, ""AttributesEx2"": 4096, ""AttributesEx3"": 1024, ""AttributesEx5"": 32768, ""AuraDescription_Lang_Mask"": 16712188, ""BaseLevel"": 20, ""CastingTimeIndex"": 1, ""DefenseType"": 2, ""Description_Lang_Mask"": 16712190, ""Description_Lang_enUS"": ""A sweeping attack that does your weapon damage plus $s1 to the target and his $?s58366[two nearest allies][nearest ally]."", ""EffectBonusMultiplier_1"": 1.0, ""EffectChainAmplitude_1"": 1.0, ""EffectChainAmplitude_2"": 1.0, ""EffectChainAmplitude_3"": 1.0, ""EquippedItemClass"": 2, ""EquippedItemSubclass"": 173555, ""FacingCasterFlags"": 1, ""MaxLevel"": 80, ""NameSubtext_Lang_Mask"": 16712190, ""NameSubtext_Lang_enUS"": """", ""Name_Lang_Mask"": 16712190, ""PreventionType"": 2, ""ProcChance"": 101, ""RangeIndex"": 2, ""SpellClassMask_1"": 4194304, ""SpellClassSet"": 4, ""SpellLevel"": 20, ""SpellPriority"": 50, ""SpellVisualID_1"": 219}",pulled from existing data; single-rank bootstrap: BasePoints/BaseLevel/SpellLevel kept from rank 1 (learn level 20); RealPointsPerLevel from rank1->covers-60-overridden(undershoot-vs-top-rank) (anchor rank 8 @ level 80); coefficient/cast_time_ms/mana_cost_pct from max rank; MaxLevel set to 80
871,Shield Wall,1,0,0,327696,132,0,300000,12000,1,0,0,0.0,,12000,"{""amplitude"": 0, ""apply_aura"": 87, ""base_points"": -61, ""chain_targets"": 0, ""die_sides"": 1, ""implicit_target_a"": 1, ""implicit_target_b"": 0, ""mechanic"": 0, ""misc_value"": 127, ""points_per_level"": 0.0, ""radius_yards"": null, ""trigger_spell"": 0, ""type"": 6}",,,281,,,"{""AuraDescription_Lang_Mask"": 16712190, ""AuraDescription_Lang_enUS"": ""All damage taken reduced by $s1%."", ""BaseLevel"": 28, ""CastingTimeIndex"": 1, ""DefenseType"": 2, ""Description_Lang_Mask"": 16712190, ""Description_Lang_enUS"": ""Reduces all damage taken by $s1% for $d."", ""EffectChainAmplitude_1"": 1.0, ""EffectChainAmplitude_2"": 1.0, ""EffectChainAmplitude_3"": 1.0, ""EquippedItemClass"": 4, ""EquippedItemSubclass"": 64, ""NameSubtext_Lang_Mask"": 16712188, ""Name_Lang_Mask"": 16712190, ""PreventionType"": 2, ""ProcChance"": 101, ""RangeIndex"": 1, ""ShapeshiftMask"": 131072, ""SpellClassMask_1"": 8192, ""SpellClassSet"": 4, ""SpellLevel"": 28, ""SpellPriority"": 50, ""SpellVisualID_1"": 345}",pulled from existing data
1160,Demoralizing Shout,1,0,0,327696,0,0,0,0,1,100,0,0.0,,30000,"{""amplitude"": 0, ""apply_aura"": 99, ""base_points"": -36, ""chain_targets"": 0, ""die_sides"": 1, ""implicit_target_a"": 22, ""implicit_target_b"": 15, ""mechanic"": 0, ""misc_value"": 0, ""points_per_level"": -5.696969696969697, ""radius_yards"": 10.0, ""trigger_spell"": 0, ""type"": 6}",,,282,,,"{""AttributesEx6"": 8388608, ""AuraDescription_Lang_Mask"": 16712190, ""AuraDescription_Lang_enUS"": ""Reduces melee attack power by $s1."", ""BaseLevel"": 14, ""CastingTimeIndex"": 1, ""DefenseType"": 1, ""Description_Lang_Mask"": 16712190, ""Description_Lang_enUS"": ""Reduces the melee attack power of all enemies within $a1 yards by $s1 for $d."", ""EffectChainAmplitude_1"": 1.0, ""EffectChainAmplitude_2"": 1.0, ""EffectChainAmplitude_3"": 1.0, ""EquippedItemClass"": -1, ""MaxLevel"": 80, ""NameSubtext_Lang_Mask"": 16712190, ""NameSubtext_Lang_enUS"": """", ""Name_Lang_Mask"": 16712190, ""PreventionType"": 1, ""ProcChance"": 101, ""RangeIndex"": 1, ""SpellClassMask_1"": 131072, ""SpellClassSet"": 4, ""SpellLevel"": 14, ""SpellVisualID_1"": 210, ""StartRecoveryCategory"": 133, ""StartRecoveryTime"": 1500}",pulled from existing data; single-rank bootstrap: BasePoints/BaseLevel/SpellLevel kept from rank 1 (learn level 14); RealPointsPerLevel from rank1->covers-60-overridden(undershoot-vs-top-rank) (anchor rank 8 @ level 80); coefficient/cast_time_ms/mana_cost_pct from max rank; MaxLevel set to 80
1161,Challenging Shout,1,0,0,327696,0,0,180000,0,1,50,0,0.0,,6000,"{""amplitude"": 0, ""apply_aura"": 11, ""base_points"": -1, ""chain_targets"": 0, ""die_sides"": 1, ""implicit_target_a"": 22, ""implicit_target_b"": 15, ""mechanic"": 0, ""misc_value"": 0, ""points_per_level"": 0.0, ""radius_yards"": 10.0, ""trigger_spell"": 0, ""type"": 6}",,,50,,,"{""AttributesEx2"": 67108864, ""AttributesEx4"": 2048, ""AttributesEx5"": 2147483648, ""AttributesEx6"": 8388608, ""AuraDescription_Lang_Mask"": 16712190, ""AuraDescription_Lang_enUS"": ""Taunted."", ""BaseLevel"": 26, ""CastingTimeIndex"": 1, ""DefenseType"": 1, ""Description_Lang_Mask"": 16712190, ""Description_Lang_enUS"": ""Forces all enemies within $a1 yards to focus attacks on you for $d."", ""EffectChainAmplitude_1"": 1.0, ""EffectChainAmplitude_2"": 1.0, ""EffectChainAmplitude_3"": 1.0, ""EquippedItemClass"": -1, ""NameSubtext_Lang_Mask"": 16712188, ""Name_Lang_Mask"": 16712190, ""PreventionType"": 1, ""ProcChance"": 101, ""RangeIndex"": 1, ""SpellClassMask_1"": 524288, ""SpellClassSet"": 4, ""SpellLevel"": 26, ""SpellVisualID_1"": 209, ""StartRecoveryCategory"": 133, ""StartRecoveryTime"": 1500}",pulled from existing data
1464,Slam,1,0,0,2425104,0,1500,0,0,1,150,0,5.0,,,"{""amplitude"": 0, ""apply_aura"": 0, ""base_points"": 31, ""chain_targets"": 0, ""die_sides"": 1, ""implicit_target_a"": 6, ""implicit_target_b"": 0, ""mechanic"": 0, ""misc_value"": 0, ""points_per_level"": 4.36, ""radius_yards"": null, ""trigger_spell"": 0, ""type"": 3}",,,559,,,"{""AttributesEx"": 134218240, ""AttributesEx2"": 131072, ""AttributesEx3"": 197632, ""AttributesEx6"": 32, ""AuraDescription_Lang_Mask"": 16712188, ""BaseLevel"": 30, ""CastingTimeIndex"": 16, ""DefenseType"": 2, ""Description_Lang_Mask"": 16712190, ""Description_Lang_enUS"": ""Slams the opponent, causing weapon damage plus $s1."", ""EffectChainAmplitude_1"": 1.0, ""EffectChainAmplitude_2"": 1.0, ""EffectChainAmplitude_3"": 1.0, ""EquippedItemClass"": 2, ""EquippedItemSubclass"": 173555, ""FacingCasterFlags"": 1, ""InterruptFlags"": 13, ""MaxLevel"": 80, ""NameSubtext_Lang_Mask"": 16712190, ""NameSubtext_Lang_enUS"": """", ""Name_Lang_Mask"": 16712190, ""PreventionType"": 2, ""ProcChance"": 101, ""RangeIndex"": 2, ""SpellClassMask_1"": 2097152, ""SpellClassSet"": 4, ""SpellLevel"": 30, ""SpellVisualID_1"": 1165, ""StartRecoveryCategory"": 133, ""StartRecoveryTime"": 1500}",pulled from existing data; single-rank bootstrap: BasePoints/BaseLevel/SpellLevel kept from rank 1 (learn level 30); RealPointsPerLevel from rank1->covers-60-overridden(undershoot-vs-top-rank) (anchor rank 8 @ level 80); coefficient/cast_time_ms/mana_cost_pct from max rank; MaxLevel set to 80
1680,Whirlwind,1,0,0,327696,891,0,0,10000,1,250,0,0.0,,,"{""amplitude"": 0, ""apply_aura"": 0, ""base_points"": -1, ""chain_targets"": 0, ""die_sides"": 1, ""implicit_target_a"": 22, ""implicit_target_b"": 15, ""mechanic"": 0, ""misc_value"": 0, ""points_per_level"": 0.0, ""radius_yards"": 8.0, ""trigger_spell"": 0, ""type"": 121}","{""amplitude"": 0, ""apply_aura"": 0, ""base_points"": 0, ""chain_targets"": 0, ""die_sides"": 0, ""implicit_target_a"": 22, ""implicit_target_b"": 0, ""mechanic"": 0, ""misc_value"": 0, ""points_per_level"": 0.0, ""radius_yards"": null, ""trigger_spell"": 44949, ""type"": 64}",,83,,,"{""AttributesEx"": 16, ""AttributesEx3"": 1024, ""AttributesEx5"": 32768, ""AuraDescription_Lang_Mask"": 16712188, ""BaseLevel"": 36, ""CastingTimeIndex"": 1, ""DefenseType"": 2, ""Description_Lang_Mask"": 16712190, ""Description_Lang_enUS"": ""In a whirlwind of steel you attack up to $i enemies within $a1 yards, causing weapon damage from both melee weapons to each enemy."", ""EffectBonusMultiplier_1"": 1.0, ""EffectChainAmplitude_1"": 1.0, ""EffectChainAmplitude_2"": 1.0, ""EffectChainAmplitude_3"": 1.0, ""EquippedItemClass"": 2, ""EquippedItemSubclass"": 173555, ""MaxTargets"": 4, ""NameSubtext_Lang_Mask"": 16712188, ""Name_Lang_Mask"": 16712190, ""PreventionType"": 2, ""RangeIndex"": 1, ""ShapeshiftMask"": 262144, ""SpellClassMask_2"": 4, ""SpellClassSet"": 4, ""SpellLevel"": 36, ""SpellVisualID_1"": 223, ""StartRecoveryCategory"": 133, ""StartRecoveryTime"": 1500}",pulled from existing data
1715,Hamstring,1,0,0,327696,0,0,0,0,1,100,0,5.0,,15000,"{""amplitude"": 0, ""apply_aura"": 33, ""base_points"": -51, ""chain_targets"": 0, ""die_sides"": 1, ""implicit_target_a"": 6, ""implicit_target_b"": 0, ""mechanic"": 11, ""misc_value"": 0, ""points_per_level"": 0.0, ""radius_yards"": null, ""trigger_spell"": 0, ""type"": 6}",,,23,,,"{""AttributesEx"": 134218240, ""AttributesEx3"": 1032, ""AttributesEx6"": 10485760, ""AuraDescription_Lang_Mask"": 16712190, ""AuraDescription_Lang_enUS"": ""Movement slowed by $s1%."", ""BaseLevel"": 8, ""CastingTimeIndex"": 1, ""DefenseType"": 2, ""Description_Lang_Mask"": 16712190, ""Description_Lang_enUS"": ""Maims the enemy, reducing movement speed by $s1% for $d$?s58372[, and has a $58372h% chance to immobilize the target for $58373d.][.]"", ""EffectChainAmplitude_1"": 1.0, ""EffectChainAmplitude_2"": 1.0, ""EffectChainAmplitude_3"": 1.0, ""EquippedItemClass"": 2, ""EquippedItemSubclass"": 173555, ""FacingCasterFlags"": 1, ""NameSubtext_Lang_Mask"": 16712190, ""Name_Lang_Mask"": 16712190, ""PreventionType"": 2, ""ProcChance"": 101, ""RangeIndex"": 2, ""ShapeshiftMask"": 327680, ""SpellClassMask_1"": 2, ""SpellClassSet"": 4, ""SpellLevel"": 8, ""SpellPriority"": 50, ""SpellVisualID_1"": 556, ""StartRecoveryCategory"": 133, ""StartRecoveryTime"": 1500}",pulled from existing data
1719,Recklessness,1,9,31,327696,132,0,300000,12000,1,0,0,0.0,,12000,"{""amplitude"": 0, ""apply_aura"": 107, ""base_points"": 99, ""chain_targets"": 0, ""die_sides"": 1, ""implicit_target_a"": 1, ""implicit_target_b"": 0, ""mechanic"": 0, ""misc_value"": 7, ""points_per_level"": 0.0, ""radius_yards"": null, ""trigger_spell"": 0, ""type"": 6}","{""amplitude"": 0, ""apply_aura"": 87, ""base_points"": 19, ""chain_targets"": 0, ""die_sides"": 1, ""implicit_target_a"": 1, ""implicit_target_b"": 0, ""mechanic"": 0, ""misc_value"": 127, ""points_per_level"": 0.0, ""radius_yards"": null, ""trigger_spell"": 0, ""type"": 6}","{""amplitude"": 0, ""apply_aura"": 77, ""base_points"": -1, ""chain_targets"": 0, ""die_sides"": 1, ""implicit_target_a"": 1, ""implicit_target_b"": 0, ""mechanic"": 0, ""misc_value"": 5, ""points_per_level"": 0.0, ""radius_yards"": null, ""trigger_spell"": 0, ""type"": 6}",138,,,"{""AttributesEx3"": 67108864, ""AuraDescription_Lang_Mask"": 16712190, ""AuraDescription_Lang_enUS"": ""Special ability attacks have an additional $s1% chance to critically hit but all damage taken is increased by $s2%."", ""BaseLevel"": 50, ""CastingTimeIndex"": 1, ""DefenseType"": 2, ""Description_Lang_Mask"": 16712190, ""Description_Lang_enUS"": ""Your next $n special ability attacks have an additional $s1% to critically hit but all damage taken is increased by $s2%.  Lasts $d."", ""EffectBonusMultiplier_3"": 1.0, ""EffectChainAmplitude_1"": 1.0, ""EffectChainAmplitude_2"": 1.0, ""EffectChainAmplitude_3"": 1.0, ""EffectSpellClassMaskA_1"": 778044484, ""EffectSpellClassMaskA_2"": 4212549, ""EquippedItemClass"": -1, ""NameSubtext_Lang_Mask"": 16712188, ""Name_Lang_Mask"": 16712190, ""PreventionType"": 2, ""ProcChance"": 100, ""ProcCharges"": 3, ""ProcTypeMask"": 4368, ""RangeIndex"": 1, ""ShapeshiftMask"": 262144, ""SpellClassMask_1"": 16, ""SpellClassSet"": 4, ""SpellLevel"": 50, ""SpellVisualID_1"": 236, ""StartRecoveryCategory"": 133, ""StartRecoveryTime"": 1500}",pulled from existing data
2565,Shield Block,1,0,0,327696,0,0,60000,0,1,0,0,0.0,,10000,"{""amplitude"": 0, ""apply_aura"": 51, ""base_points"": 99, ""chain_targets"": 0, ""die_sides"": 1, ""implicit_target_a"": 1, ""implicit_target_b"": 0, ""mechanic"": 0, ""misc_value"": 0, ""points_per_level"": 0.0, ""radius_yards"": null, ""trigger_spell"": 0, ""type"": 6}","{""amplitude"": 0, ""apply_aura"": 150, ""base_points"": 99, ""chain_targets"": 0, ""die_sides"": 1, ""implicit_target_a"": 1, ""implicit_target_b"": 0, ""mechanic"": 0, ""misc_value"": 0, ""points_per_level"": 0.0, ""radius_yards"": null, ""trigger_spell"": 0, ""type"": 6}",,28,,,"{""AttributesEx3"": 2, ""AuraDescription_Lang_Mask"": 16712190, ""AuraDescription_Lang_enUS"": ""Block chance and block value increased by $s1%."", ""BaseLevel"": 16, ""CastingTimeIndex"": 1, ""Description_Lang_Mask"": 16712190, ""Description_Lang_enUS"": ""Increases your chance to block and block value by $s1% for $d."", ""EffectChainAmplitude_1"": 1.0, ""EffectChainAmplitude_2"": 1.0, ""EffectChainAmplitude_3"": 1.0, ""EffectSpellClassMaskC_2"": 512, ""EquippedItemClass"": 4, ""EquippedItemSubclass"": 64, ""NameSubtext_Lang_Mask"": 16712188, ""Name_Lang_Mask"": 16712190, ""ProcChance"": 101, ""RangeIndex"": 1, ""ShapeshiftMask"": 131072, ""SpellClassMask_1"": 4096, ""SpellClassSet"": 4, ""SpellLevel"": 16, ""SpellVisualID_1"": 3442}",pulled from existing data
2687,Bloodrage,1,9,31,327696,0,0,60000,0,-2,0,16,0.0,,,"{""amplitude"": 0, ""apply_aura"": 0, ""base_points"": 199, ""chain_targets"": 0, ""die_sides"": 1, ""implicit_target_a"": 1, ""implicit_target_b"": 0, ""mechanic"": 0, ""misc_value"": 1, ""points_per_level"": 0.0, ""radius_yards"": null, ""trigger_spell"": 0, ""type"": 30}","{""amplitude"": 0, ""apply_aura"": 0, ""base_points"": 2, ""chain_targets"": 0, ""die_sides"": 1, ""implicit_target_a"": 1, ""implicit_target_b"": 0, ""mechanic"": 0, ""misc_value"": 0, ""points_per_level"": 0.0, ""radius_yards"": null, ""trigger_spell"": 29131, ""type"": 64}",,86,,,"{""AuraDescription_Lang_Mask"": 16712190, ""BaseLevel"": 10, ""CastingTimeIndex"": 1, ""Description_Lang_Mask"": 16712190, ""Description_Lang_enUS"": ""Generates $/10;2687s1 rage at the cost of health, and then generates an additional $?s12296[${$29131m1*$29131d/10+$m2}][$/10;29131o1] rage over $29131d."", ""EffectChainAmplitude_1"": 1.0, ""EffectChainAmplitude_2"": 1.0, ""EffectChainAmplitude_3"": 1.0, ""EquippedItemClass"": -1, ""NameSubtext_Lang_Mask"": 16712188, ""Name_Lang_Mask"": 16712190, ""PreventionType"": 2, ""ProcChance"": 101, ""RangeIndex"": 1, ""SpellClassMask_1"": 256, ""SpellClassSet"": 4, ""SpellLevel"": 10}",pulled from existing data
3411,Intervene,1,0,0,536870928,0,0,30000,0,1,100,0,25.0,,10000,"{""amplitude"": 0, ""apply_aura"": 0, ""base_points"": -1, ""chain_targets"": 0, ""die_sides"": 1, ""implicit_target_a"": 57, ""implicit_target_b"": 0, ""mechanic"": 0, ""misc_value"": 0, ""points_per_level"": 0.0, ""radius_yards"": null, ""trigger_spell"": 0, ""type"": 96}","{""amplitude"": 0, ""apply_aura"": 111, ""base_points"": 99, ""chain_targets"": 0, ""die_sides"": 1, ""implicit_target_a"": 57, ""implicit_target_b"": 0, ""mechanic"": 0, ""misc_value"": 0, ""points_per_level"": 0.0, ""radius_yards"": 10.0, ""trigger_spell"": 0, ""type"": 6}",,2205,,,"{""AttributesEx5"": 2048, ""AttributesEx6"": 67108864, ""AttributesEx7"": 262144, ""AuraDescription_Lang_Mask"": 16712190, ""AuraDescription_Lang_enUS"": ""The next melee or ranged attack made against you will be made against the intervening warrior instead."", ""BaseLevel"": 70, ""CastingTimeIndex"": 1, ""Description_Lang_Mask"": 16712190, ""Description_Lang_enUS"": ""Run at high speed towards a party member, intercepting the next melee or ranged attack made against them as well as reducing their total threat by $59667s1%."", ""EffectBonusMultiplier_1"": 1.0, ""EffectBonusMultiplier_2"": 1.0, ""EffectChainAmplitude_1"": 1.0, ""EffectChainAmplitude_2"": 1.0, ""EffectChainAmplitude_3"": 1.0, ""EquippedItemClass"": -1, ""ExcludeTargetAuraSpell"": 65219, ""NameSubtext_Lang_Mask"": 16712190, ""Name_Lang_Mask"": 16712190, ""PreventionType"": 2, ""ProcChance"": 100, ""ProcCharges"": 1, ""ProcTypeMask"": 680, ""RangeIndex"": 95, ""ShapeshiftMask"": 131072, ""SpellClassMask_2"": 65536, ""SpellClassSet"": 4, ""SpellLevel"": 70, ""SpellVisualID_1"": 9107}",pulled from existing data
5246,Intimidating Shout,1,0,5,327696,0,0,120000,0,1,250,0,8.0,,8000,"{""amplitude"": 0, ""apply_aura"": 0, ""base_points"": 0, ""chain_targets"": 0, ""die_sides"": 0, ""implicit_target_a"": 6, ""implicit_target_b"": 0, ""mechanic"": 0, ""misc_value"": 0, ""points_per_level"": 0.0, ""radius_yards"": null, ""trigger_spell"": 20511, ""type"": 64}","{""amplitude"": 0, ""apply_aura"": 7, ""base_points"": 0, ""chain_targets"": 0, ""die_sides"": 0, ""implicit_target_a"": 22, ""implicit_target_b"": 15, ""mechanic"": 0, ""misc_value"": 0, ""points_per_level"": 0.0, ""radius_yards"": 8.0, ""trigger_spell"": 0, ""type"": 6}","{""amplitude"": 0, ""apply_aura"": 31, ""base_points"": 24, ""chain_targets"": 0, ""die_sides"": 1, ""implicit_target_a"": 22, ""implicit_target_b"": 15, ""mechanic"": 0, ""misc_value"": 0, ""points_per_level"": 0.0, ""radius_yards"": 8.0, ""trigger_spell"": 0, ""type"": 6}",148,,,"{""AttributesEx"": 136, ""AttributesEx6"": 8388608, ""AuraDescription_Lang_Mask"": 16712190, ""AuraDescription_Lang_enUS"": ""Intimidated."", ""AuraInterruptFlags"": 4718592, ""BaseLevel"": 22, ""CastingTimeIndex"": 1, ""DefenseType"": 1, ""Description_Lang_Mask"": 16712190, ""Description_Lang_enUS"": ""The warrior shouts, causing up to $5246i enemies within $5246a2 yards to cower in fear.  The targeted enemy will be unable to move while cowering.  Lasts $5246d."", ""EffectBonusMultiplier_1"": 1.0, ""EffectBonusMultiplier_3"": 1.0, ""EffectChainAmplitude_1"": 1.0, ""EffectChainAmplitude_2"": 1.0, ""EffectChainAmplitude_3"": 1.0, ""EquippedItemClass"": -1, ""MaxTargets"": 5, ""NameSubtext_Lang_Mask"": 16712188, ""Name_Lang_Mask"": 16712190, ""PreventionType"": 1, ""ProcChance"": 100, ""ProcTypeMask"": 664232, ""SpellClassMask_1"": 262144, ""SpellClassSet"": 4, ""SpellLevel"": 22, ""SpellPriority"": 50, ""SpellVisualID_1"": 247, ""StartRecoveryCategory"": 133, ""StartRecoveryTime"": 1500}",pulled from existing data
5308,Execute,1,0,0,327952,0,0,0,0,1,150,0,5.0,,,"{""amplitude"": 0, ""apply_aura"": 0, ""base_points"": 92, ""chain_targets"": 0, ""die_sides"": 1, ""implicit_target_a"": 6, ""implicit_target_b"": 0, ""mechanic"": 0, ""misc_value"": 0, ""points_per_level"": 24.339285714285715, ""radius_yards"": null, ""trigger_spell"": 0, ""type"": 3}",,,1648,,,"{""AttributesEx"": 134218240, ""AttributesEx3"": 1024, ""AttributesEx4"": 512, ""AuraDescription_Lang_Mask"": 16712188, ""BaseLevel"": 24, ""CastingTimeIndex"": 1, ""DefenseType"": 2, ""Description_Lang_Mask"": 16712190, ""Description_Lang_enUS"": ""Attempt to finish off a wounded foe, causing ${$m1+$AP*0.2} damage and converting each extra point of rage into $*10;F1 additional damage (up to a maximum cost of 30 rage).  Only usable on enemies that have less than 20% health."", ""EffectBonusMultiplier_1"": 1.0, ""EffectChainAmplitude_1"": 0.30000001192092896, ""EffectChainAmplitude_2"": 1.0, ""EffectChainAmplitude_3"": 1.0, ""EquippedItemClass"": 2, ""EquippedItemSubclass"": 173555, ""FacingCasterFlags"": 1, ""MaxLevel"": 80, ""NameSubtext_Lang_Mask"": 16712190, ""NameSubtext_Lang_enUS"": """", ""Name_Lang_Mask"": 16712190, ""PreventionType"": 2, ""RangeIndex"": 2, ""ShapeshiftMask"": 327680, ""SpellClassMask_1"": 536870912, ""SpellClassSet"": 4, ""SpellLevel"": 24, ""SpellPriority"": 50, ""SpellVisualID_1"": 250, ""StartRecoveryCategory"": 133, ""StartRecoveryTime"": 1500, ""TargetAuraState"": 2}",pulled from existing data; single-rank bootstrap: BasePoints/BaseLevel/SpellLevel kept from rank 1 (learn level 24); RealPointsPerLevel from rank1->covers-60-overridden(undershoot-vs-top-rank) (anchor rank 9 @ level 80); coefficient/cast_time_ms/mana_cost_pct from max rank; MaxLevel set to 80
6343,Thunder Clap,1,0,0,327696,49,0,0,6000,1,200,0,0.0,,10000,"{""amplitude"": 0, ""apply_aura"": 0, ""base_points"": 14, ""chain_targets"": 0, ""die_sides"": 1, ""implicit_target_a"": 22, ""implicit_target_b"": 15, ""mechanic"": 0, ""misc_value"": 0, ""points_per_level"": 3.8513513513513513, ""radius_yards"": 8.0, ""trigger_spell"": 0, ""type"": 2}","{""amplitude"": 0, ""apply_aura"": 138, ""base_points"": -11, ""chain_targets"": 0, ""die_sides"": 1, ""implicit_target_a"": 22, ""implicit_target_b"": 15, ""mechanic"": 8, ""misc_value"": 0, ""points_per_level"": 0.0, ""radius_yards"": 8.0, ""trigger_spell"": 0, ""type"": 6}",,199,,,"{""AttributesEx"": 136, ""AttributesEx5"": 32768, ""AuraDescription_Lang_Mask"": 16712190, ""AuraDescription_Lang_enUS"": ""Time between attacks increased by $s2%."", ""BaseLevel"": 6, ""CastingTimeIndex"": 1, ""DefenseType"": 3, ""Description_Lang_Mask"": 16712190, ""Description_Lang_enUS"": ""Blasts nearby enemies increasing the time between their attacks by $s2% for $d and doing $s1 damage to them.  Damage increased by attack power.  This ability causes additional threat."", ""EffectChainAmplitude_1"": 1.0, ""EffectChainAmplitude_2"": 1.0, ""EffectChainAmplitude_3"": 1.0, ""EquippedItemClass"": -1, ""MaxLevel"": 80, ""NameSubtext_Lang_Mask"": 16712190, ""NameSubtext_Lang_enUS"": """", ""Name_Lang_Mask"": 16712190, ""PreventionType"": 1, ""RangeIndex"": 1, ""ShapeshiftMask"": 196608, ""SpellClassMask_1"": 128, ""SpellClassSet"": 4, ""SpellLevel"": 6, ""SpellVisualID_1"": 145, ""StartRecoveryCategory"": 133, ""StartRecoveryTime"": 1500}",pulled from existing data; single-rank bootstrap: BasePoints/BaseLevel/SpellLevel kept from rank 1 (learn level 6); RealPointsPerLevel from rank1->covers-60-overridden(undershoot-vs-top-rank) (anchor rank 9 @ level 80); coefficient/cast_time_ms/mana_cost_pct from max rank; MaxLevel set to 80
6552,Pummel,1,0,0,327696,88,0,0,10000,1,100,0,5.0,,4000,"{""amplitude"": 0, ""apply_aura"": 0, ""base_points"": 0, ""chain_targets"": 0, ""die_sides"": 0, ""implicit_target_a"": 6, ""implicit_target_b"": 0, ""mechanic"": 26, ""misc_value"": 0, ""points_per_level"": 0.0, ""radius_yards"": null, ""trigger_spell"": 0, ""type"": 68}",,,756,,,"{""AttributesEx"": 134218240, ""AttributesEx3"": 8, ""AttributesEx6"": 8388608, ""AuraDescription_Lang_Mask"": 16712188, ""BaseLevel"": 38, ""CastingTimeIndex"": 1, ""DefenseType"": 2, ""Description_Lang_Mask"": 16712190, ""Description_Lang_enUS"": ""Pummel the target, interrupting spellcasting and preventing any spell in that school from being cast for $d."", ""EffectBasePoints_2"": -1, ""EffectChainAmplitude_1"": 1.0, ""EffectChainAmplitude_2"": 1.0, ""EffectChainAmplitude_3"": 1.0, ""EffectDieSides_2"": 1, ""EquippedItemClass"": -1, ""FacingCasterFlags"": 1, ""NameSubtext_Lang_Mask"": 16712190, ""Name_Lang_Mask"": 16712190, ""PreventionType"": 2, ""ProcChance"": 101, ""RangeIndex"": 2, ""ShapeshiftMask"": 262144, ""SpellClassMask_1"": 8, ""SpellClassSet"": 4, ""SpellLevel"": 38, ""SpellVisualID_1"": 1023}",pulled from existing data
6572,Revenge,1,0,0,327696,65,0,0,5000,1,50,0,5.0,,,"{""amplitude"": 0, ""apply_aura"": 0, ""base_points"": 98, ""chain_targets"": 0, ""die_sides"": 23, ""implicit_target_a"": 6, ""implicit_target_b"": 0, ""mechanic"": 0, ""misc_value"": 0, ""points_per_level"": 23.28787878787879, ""radius_yards"": null, ""trigger_spell"": 0, ""type"": 2}",,,562,,,"{""AttributesEx"": 134218240, ""AttributesEx3"": 1024, ""AttributesEx4"": 512, ""AuraDescription_Lang_Mask"": 16712188, ""BaseLevel"": 14, ""CasterAuraState"": 1, ""CastingTimeIndex"": 1, ""DefenseType"": 2, ""Description_Lang_Mask"": 16712190, ""Description_Lang_enUS"": ""Instantly counterattack an enemy for ${$m1+$AP*0.310} to ${$M1+$AP*0.310} damage.   Revenge is only usable after the warrior blocks, dodges or parries an attack."", ""EffectBonusMultiplier_1"": 1.0, ""EffectChainAmplitude_1"": 1.0, ""EffectChainAmplitude_2"": 1.0, ""EffectChainAmplitude_3"": 1.0, ""EquippedItemClass"": 2, ""EquippedItemSubclass"": 173555, ""FacingCasterFlags"": 1, ""MaxLevel"": 80, ""NameSubtext_Lang_Mask"": 16712190, ""NameSubtext_Lang_enUS"": """", ""Name_Lang_Mask"": 16712190, ""PreventionType"": 2, ""ProcChance"": 101, ""RangeIndex"": 2, ""ShapeshiftMask"": 131072, ""SpellClassMask_1"": 1024, ""SpellClassSet"": 4, ""SpellLevel"": 14, ""SpellPriority"": 50, ""SpellVisualID_1"": 342, ""StartRecoveryCategory"": 133, ""StartRecoveryTime"": 1500}",pulled from existing data; single-rank bootstrap: BasePoints/BaseLevel/SpellLevel kept from rank 1 (learn level 14); RealPointsPerLevel from rank1->covers-60-overridden(undershoot-vs-top-rank) (anchor rank 9 @ level 80); coefficient/cast_time_ms/mana_cost_pct from max rank; MaxLevel set to 80
6673,Battle Shout,1,0,0,327696,0,0,0,0,1,100,0,0.0,,120000,"{""amplitude"": 0, ""apply_aura"": 99, ""base_points"": 14, ""chain_targets"": 0, ""die_sides"": 1, ""implicit_target_a"": 56, ""implicit_target_b"": 0, ""mechanic"": 0, ""misc_value"": 0, ""points_per_level"": 6.772151898734177, ""radius_yards"": 30.0, ""trigger_spell"": 0, ""type"": 6}","{""amplitude"": 0, ""apply_aura"": 124, ""base_points"": 14, ""chain_targets"": 0, ""die_sides"": 1, ""implicit_target_a"": 56, ""implicit_target_b"": 0, ""mechanic"": 0, ""misc_value"": 0, ""points_per_level"": 6.772151898734177, ""radius_yards"": 30.0, ""trigger_spell"": 0, ""type"": 6}",,456,,,"{""AttributesEx6"": 67108864, ""AttributesEx7"": 268435456, ""AuraDescription_Lang_Mask"": 16712190, ""AuraDescription_Lang_enUS"": ""Increases your attack power by $s1."", ""BaseLevel"": 1, ""CastingTimeIndex"": 1, ""DefenseType"": 1, ""Description_Lang_Mask"": 16712190, ""Description_Lang_enUS"": ""The warrior shouts, increasing attack power of all raid and party members within $a1 yards by $s1.  Lasts $d."", ""EffectBonusMultiplier_1"": 1.0, ""EffectBonusMultiplier_3"": 1.0, ""EffectChainAmplitude_1"": 1.0, ""EffectChainAmplitude_2"": 1.0, ""EffectChainAmplitude_3"": 1.0, ""EquippedItemClass"": -1, ""MaxLevel"": 80, ""NameSubtext_Lang_Mask"": 16712190, ""NameSubtext_Lang_enUS"": """", ""Name_Lang_Mask"": 16712190, ""PreventionType"": 1, ""ProcChance"": 101, ""RangeIndex"": 1, ""SpellClassMask_1"": 65536, ""SpellClassSet"": 4, ""SpellLevel"": 1, ""SpellPriority"": 50, ""SpellVisualID_1"": 246, ""StartRecoveryCategory"": 133, ""StartRecoveryTime"": 1500}",pulled from existing data; single-rank bootstrap: BasePoints/BaseLevel/SpellLevel kept from rank 1 (learn level 1); RealPointsPerLevel from rank1->covers-60-overridden(undershoot-vs-top-rank) (anchor rank 9 @ level 80); coefficient/cast_time_ms/mana_cost_pct from max rank; MaxLevel set to 80
7384,Overpower,1,0,0,2424848,65,0,0,5000,1,50,0,5.0,,1,"{""amplitude"": 0, ""apply_aura"": 0, ""base_points"": -1, ""chain_targets"": 0, ""die_sides"": 1, ""implicit_target_a"": 6, ""implicit_target_b"": 0, ""mechanic"": 0, ""misc_value"": 0, ""points_per_level"": 0.0, ""radius_yards"": null, ""trigger_spell"": 0, ""type"": 121}","{""amplitude"": 0, ""apply_aura"": 4, ""base_points"": 0, ""chain_targets"": 0, ""die_sides"": 0, ""implicit_target_a"": 6, ""implicit_target_b"": 0, ""mechanic"": 0, ""misc_value"": 0, ""points_per_level"": 0.0, ""radius_yards"": null, ""trigger_spell"": 0, ""type"": 6}",,26,,,"{""AttributesEx"": 1477444096, ""AttributesEx3"": 1024, ""AttributesEx4"": 512, ""AttributesEx6"": 1024, ""AuraDescription_Lang_Mask"": 16712188, ""BaseLevel"": 12, ""CastingTimeIndex"": 1, ""DefenseType"": 2, ""Description_Lang_Mask"": 16712190, ""Description_Lang_enUS"": ""Instantly overpower the enemy, causing weapon damage.  Only useable after the target dodges.  The Overpower cannot be blocked, dodged or parried."", ""EffectBonusMultiplier_1"": 1.0, ""EffectChainAmplitude_1"": 1.0, ""EffectChainAmplitude_2"": 1.0, ""EffectChainAmplitude_3"": 1.0, ""EquippedItemClass"": 2, ""EquippedItemSubclass"": 173555, ""FacingCasterFlags"": 1, ""NameSubtext_Lang_Mask"": 16712190, ""Name_Lang_Mask"": 16712190, ""PreventionType"": 2, ""ProcChance"": 101, ""RangeIndex"": 2, ""ShapeshiftMask"": 65536, ""SpellClassMask_1"": 4, ""SpellClassSet"": 4, ""SpellLevel"": 12, ""SpellVisualID_1"": 39, ""StartRecoveryCategory"": 133, ""StartRecoveryTime"": 1500}",pulled from existing data
12294,Mortal Strike,1,0,0,327696,971,0,0,6000,1,300,0,5.0,,10000,"{""amplitude"": 0, ""apply_aura"": 118, ""base_points"": -51, ""chain_targets"": 0, ""die_sides"": 1, ""implicit_target_a"": 6, ""implicit_target_b"": 0, ""mechanic"": 0, ""misc_value"": 127, ""points_per_level"": 0.0, ""radius_yards"": null, ""trigger_spell"": 0, ""type"": 6}","{""amplitude"": 0, ""apply_aura"": 0, ""base_points"": 84, ""chain_targets"": 0, ""die_sides"": 1, ""implicit_target_a"": 6, ""implicit_target_b"": 0, ""mechanic"": 0, ""misc_value"": 0, ""points_per_level"": 7.375, ""radius_yards"": null, ""trigger_spell"": 0, ""type"": 121}",,564,,,"{""AttributesEx"": 134218240, ""AttributesEx3"": 1024, ""AuraDescription_Lang_Mask"": 16712190, ""AuraDescription_Lang_enUS"": ""Healing effects reduced by $s1%."", ""BaseLevel"": 40, ""CastingTimeIndex"": 1, ""DefenseType"": 2, ""Description_Lang_Mask"": 16712190, ""Description_Lang_enUS"": ""A vicious strike that deals weapon damage plus $s2 and wounds the target, reducing the effectiveness of any healing by $s1% for $d."", ""EffectBonusMultiplier_2"": 1.0, ""EffectChainAmplitude_1"": 1.0, ""EffectChainAmplitude_2"": 1.0, ""EffectChainAmplitude_3"": 1.0, ""EquippedItemClass"": 2, ""EquippedItemSubclass"": 173555, ""FacingCasterFlags"": 1, ""MaxLevel"": 80, ""NameSubtext_Lang_Mask"": 16712190, ""NameSubtext_Lang_enUS"": """", ""Name_Lang_Mask"": 16712190, ""PreventionType"": 2, ""RangeIndex"": 2, ""SpellClassMask_1"": 33554432, ""SpellClassSet"": 4, ""SpellLevel"": 40, ""SpellPriority"": 50, ""SpellVisualID_1"": 39, ""StartRecoveryCategory"": 133, ""StartRecoveryTime"": 1500}",pulled from existing data; single-rank bootstrap: BasePoints/BaseLevel/SpellLevel kept from rank 1 (learn level 40); RealPointsPerLevel from rank1->covers-60-overridden(undershoot-vs-top-rank) (anchor rank 8 @ level 80); coefficient/cast_time_ms/mana_cost_pct from max rank; MaxLevel set to 80
12303,Defiance,1,0,0,464,0,0,0,0,0,0,0,0.0,,,"{""amplitude"": 0, ""apply_aura"": 10, ""base_points"": 4, ""chain_targets"": 0, ""die_sides"": 1, ""implicit_target_a"": 1, ""implicit_target_b"": 0, ""mechanic"": 0, ""misc_value"": 127, ""points_per_level"": 0.1694915254237288, ""radius_yards"": null, ""trigger_spell"": 0, ""type"": 6}","{""amplitude"": 0, ""apply_aura"": 107, ""base_points"": 1, ""chain_targets"": 0, ""die_sides"": 1, ""implicit_target_a"": 1, ""implicit_target_b"": 0, ""mechanic"": 0, ""misc_value"": 8, ""points_per_level"": 0.06779661016949153, ""radius_yards"": null, ""trigger_spell"": 0, ""type"": 6}",,561,,,"{""AuraDescription_Lang_Mask"": 16712188, ""CastingTimeIndex"": 1, ""Description_Lang_Mask"": 16712190, ""Description_Lang_enUS"": ""Increases the threat generated by your attacks by $s1% while in Defensive Stance and increases your expertise by $s2."", ""EffectChainAmplitude_1"": 1.0, ""EffectChainAmplitude_2"": 1.0, ""EffectChainAmplitude_3"": 1.0, ""EffectSpellClassMaskB_2"": 4096, ""EquippedItemClass"": -1, ""MaxLevel"": 80, ""NameSubtext_Lang_Mask"": 16712190, ""NameSubtext_Lang_enUS"": """", ""Name_Lang_Mask"": 16712190, ""ProcChance"": 101, ""RangeIndex"": 1, ""ShapeshiftMask"": 131072, ""SpellClassSet"": 4, ""SpellLevel"": 1, ""SpellPriority"": 50}",pulled from existing data; single-rank bootstrap: BasePoints/BaseLevel/SpellLevel kept from rank 1 (learn level 1); RealPointsPerLevel from rank1->covers-60 (anchor rank 3 @ level 60); coefficient/cast_time_ms/mana_cost_pct from max rank; MaxLevel set to 80
12325,Improved Inner Rage,1,0,0,262352,0,0,0,0,0,0,0,0.0,,-1,"{""amplitude"": 0, ""apply_aura"": 107, ""base_points"": -40001, ""chain_targets"": 0, ""die_sides"": 1, ""implicit_target_a"": 1, ""implicit_target_b"": 0, ""mechanic"": 0, ""misc_value"": 11, ""points_per_level"": -1355.9322033898304, ""radius_yards"": null, ""trigger_spell"": 0, ""type"": 6}",,,561,,,"{""AuraDescription_Lang_Mask"": 16712188, ""CastingTimeIndex"": 1, ""Description_Lang_Mask"": 16712190, ""Description_Lang_enUS"": ""Reduces the cooldown of your Inner Rage ability by $/1000;s1 secs."", ""EffectChainAmplitude_1"": 1.0, ""EffectChainAmplitude_2"": 1.0, ""EffectChainAmplitude_3"": 1.0, ""EffectItemType_1"": 1048576, ""EffectSpellClassMaskA_1"": 1048576, ""EquippedItemClass"": -1, ""MaxLevel"": 80, ""NameSubtext_Lang_Mask"": 16712190, ""NameSubtext_Lang_enUS"": """", ""Name_Lang_Mask"": 16712190, ""ProcChance"": 101, ""RangeIndex"": 1, ""SpellClassSet"": 4, ""SpellLevel"": 1, ""SpellPriority"": 50}",pulled from existing data; single-rank bootstrap: BasePoints/BaseLevel/SpellLevel kept from rank 1 (learn level 1); RealPointsPerLevel from rank1->covers-60 (anchor rank 5 @ level 60); coefficient/cast_time_ms/mana_cost_pct from max rank; MaxLevel set to 80
12327,Improved Challenging Shout,1,0,0,262352,0,0,0,0,0,0,0,0.0,,-1,"{""amplitude"": 0, ""apply_aura"": 107, ""base_points"": -120001, ""chain_targets"": 0, ""die_sides"": 1, ""implicit_target_a"": 1, ""implicit_target_b"": 0, ""mechanic"": 0, ""misc_value"": 11, ""points_per_level"": -1016.9491525423729, ""radius_yards"": null, ""trigger_spell"": 0, ""type"": 6}",,,278,,,"{""AuraDescription_Lang_Mask"": 16712188, ""CastingTimeIndex"": 1, ""Description_Lang_Mask"": 16712190, ""Description_Lang_enUS"": ""Reduces the cooldown of your Challenging Shout ability by $/60000;s1 mins."", ""EffectChainAmplitude_1"": 1.0, ""EffectChainAmplitude_2"": 1.0, ""EffectChainAmplitude_3"": 1.0, ""EffectItemType_1"": 524288, ""EffectSpellClassMaskA_1"": 524288, ""EquippedItemClass"": -1, ""MaxLevel"": 80, ""NameSubtext_Lang_Mask"": 16712190, ""NameSubtext_Lang_enUS"": """", ""Name_Lang_Mask"": 16712190, ""ProcChance"": 101, ""RangeIndex"": 1, ""SpellClassSet"": 4, ""SpellLevel"": 1, ""SpellPriority"": 50}",pulled from existing data; single-rank bootstrap: BasePoints/BaseLevel/SpellLevel kept from rank 1 (learn level 1); RealPointsPerLevel from rank1->covers-60 (anchor rank 2 @ level 60); coefficient/cast_time_ms/mana_cost_pct from max rank; MaxLevel set to 80
12678,Stance Mastery,1,0,0,80,0,0,0,0,0,0,0,0.0,,-1,"{""amplitude"": 0, ""apply_aura"": 4, ""base_points"": 9, ""chain_targets"": 0, ""die_sides"": 1, ""implicit_target_a"": 1, ""implicit_target_b"": 0, ""mechanic"": 0, ""misc_value"": 0, ""points_per_level"": 0.0, ""radius_yards"": null, ""trigger_spell"": 0, ""type"": 6}",,,139,,,"{""AuraDescription_Lang_Mask"": 16712188, ""CastingTimeIndex"": 1, ""Description_Lang_Mask"": 16712190, ""Description_Lang_enUS"": ""You retain up to $s1 of your rage points when you change stances."", ""EffectChainAmplitude_1"": 1.0, ""EffectChainAmplitude_2"": 1.0, ""EffectChainAmplitude_3"": 1.0, ""EffectSpellClassMaskA_1"": 8388608, ""EquippedItemClass"": -1, ""NameSubtext_Lang_Mask"": 16712190, ""NameSubtext_Lang_enUS"": ""Passive"", ""Name_Lang_Mask"": 16712190, ""ProcChance"": 101, ""RangeIndex"": 1, ""SpellClassSet"": 4, ""SpellLevel"": 20, ""SpellPriority"": 50}",pulled from existing data
12966,Flurry,1,0,0,262144,0,0,0,0,0,0,0,0.0,,15000,"{""amplitude"": 0, ""apply_aura"": 138, ""base_points"": 4, ""chain_targets"": 0, ""die_sides"": 1, ""implicit_target_a"": 1, ""implicit_target_b"": 0, ""mechanic"": 0, ""misc_value"": 0, ""points_per_level"": 0.3389830508474576, ""radius_yards"": null, ""trigger_spell"": 0, ""type"": 6}",,,108,,,"{""AuraDescription_Lang_Mask"": 16712190, ""AuraDescription_Lang_enUS"": ""Attack speed increased by $s1%."", ""CastingTimeIndex"": 1, ""Description_Lang_Mask"": 16712190, ""Description_Lang_enUS"": ""Increases your attack speed by $12966s1% for your next 3 swings after dealing a melee critical strike."", ""EffectChainAmplitude_1"": 1.0, ""EffectChainAmplitude_2"": 1.0, ""EffectChainAmplitude_3"": 1.0, ""EquippedItemClass"": -1, ""MaxLevel"": 80, ""NameSubtext_Lang_Mask"": 16712190, ""NameSubtext_Lang_enUS"": """", ""Name_Lang_Mask"": 16712190, ""ProcChance"": 100, ""ProcCharges"": 3, ""ProcTypeMask"": 4, ""RangeIndex"": 1, ""SpellClassSet"": 4, ""SpellLevel"": 1, ""SpellPriority"": 50, ""SpellVisualID_1"": 12379}",pulled from existing data; single-rank bootstrap: BasePoints/BaseLevel/SpellLevel kept from rank 1 (learn level 1); RealPointsPerLevel from rank1->covers-60 (anchor rank 5 @ level 60); coefficient/cast_time_ms/mana_cost_pct from max rank; MaxLevel set to 80
13491,Pummel,1,0,0,327696,0,0,0,10000,1,100,0,5.0,,5000,"{""amplitude"": 0, ""apply_aura"": 0, ""base_points"": 0, ""chain_targets"": 0, ""die_sides"": 0, ""implicit_target_a"": 6, ""implicit_target_b"": 0, ""mechanic"": 26, ""misc_value"": 0, ""points_per_level"": 0.5540540540540541, ""radius_yards"": null, ""trigger_spell"": 0, ""type"": 68}","{""amplitude"": 0, ""apply_aura"": 0, ""base_points"": 3, ""chain_targets"": 0, ""die_sides"": 1, ""implicit_target_a"": 6, ""implicit_target_b"": 0, ""mechanic"": 0, ""misc_value"": 0, ""points_per_level"": -0.04054054054054054, ""radius_yards"": null, ""trigger_spell"": 0, ""type"": 2}",,756,,,"{""AttributesEx"": 134218240, ""AuraDescription_Lang_Mask"": 16712188, ""BaseLevel"": 6, ""CastingTimeIndex"": 1, ""DefenseType"": 2, ""Description_Lang_Mask"": 16712190, ""Description_Lang_enUS"": ""Pummel the target for $s2 damage and interrupt the spell being cast for $d."", ""EffectBonusMultiplier_1"": 1.0, ""EffectChainAmplitude_1"": 1.0, ""EffectChainAmplitude_2"": 1.0, ""EffectChainAmplitude_3"": 1.0, ""EquippedItemClass"": -1, ""FacingCasterFlags"": 1, ""MaxLevel"": 80, ""NameSubtext_Lang_Mask"": 16712190, ""NameSubtext_Lang_enUS"": """", ""Name_Lang_Mask"": 16712190, ""ProcChance"": 101, ""RangeIndex"": 2, ""ShapeshiftMask"": 65536, ""SpellClassSet"": 4, ""SpellLevel"": 6, ""SpellVisualID_1"": 1023, ""StartRecoveryCategory"": 133, ""StartRecoveryTime"": 1500}",pulled from existing data; single-rank bootstrap: BasePoints/BaseLevel/SpellLevel kept from rank 1 (learn level 6); RealPointsPerLevel from rank1->covers-60-overridden(undershoot-vs-top-rank) (anchor rank 3 @ level 80); coefficient/cast_time_ms/mana_cost_pct from max rank; MaxLevel set to 80
18499,Berserker Rage,1,9,31,327696,0,0,30000,0,1,0,0,0.0,,10000,"{""amplitude"": 0, ""apply_aura"": 77, ""base_points"": -1, ""chain_targets"": 0, ""die_sides"": 1, ""implicit_target_a"": 1, ""implicit_target_b"": 0, ""mechanic"": 0, ""misc_value"": 5, ""points_per_level"": 0.0, ""radius_yards"": null, ""trigger_spell"": 0, ""type"": 6}","{""amplitude"": 0, ""apply_aura"": 77, ""base_points"": -1, ""chain_targets"": 0, ""die_sides"": 1, ""implicit_target_a"": 1, ""implicit_target_b"": 0, ""mechanic"": 0, ""misc_value"": 14, ""points_per_level"": 0.0, ""radius_yards"": null, ""trigger_spell"": 0, ""type"": 6}","{""amplitude"": 0, ""apply_aura"": 77, ""base_points"": 0, ""chain_targets"": 0, ""die_sides"": 0, ""implicit_target_a"": 1, ""implicit_target_b"": 0, ""mechanic"": 0, ""misc_value"": 30, ""points_per_level"": 0.0, ""radius_yards"": null, ""trigger_spell"": 0, ""type"": 6}",1465,,,"{""AttributesEx"": 32768, ""AuraDescription_Lang_Mask"": 16712190, ""AuraDescription_Lang_enUS"": ""Immune to Fear, Sap and Incapacitate effects.  Generating extra rage when taking damage."", ""BaseLevel"": 32, ""CastingTimeIndex"": 1, ""Description_Lang_Mask"": 16712190, ""Description_Lang_enUS"": ""The warrior enters a berserker rage, removing and granting immunity to Fear, Sap and Incapacitate effects and generating extra rage when taking damage.  Lasts $d."", ""EffectChainAmplitude_1"": 1.0, ""EffectChainAmplitude_2"": 1.0, ""EffectChainAmplitude_3"": 1.0, ""EquippedItemClass"": -1, ""NameSubtext_Lang_Mask"": 16712188, ""Name_Lang_Mask"": 16712190, ""ProcChance"": 100, ""ProcTypeMask"": 139944, ""RangeIndex"": 1, ""SpellClassMask_1"": 268435456, ""SpellClassSet"": 4, ""SpellLevel"": 32, ""SpellVisualID_1"": 47, ""StartRecoveryCategory"": 133, ""StartRecoveryTime"": 1500}",pulled from existing data
19870,Improved Intimidating Shout,1,0,0,464,0,0,0,0,0,0,0,0.0,,-1,"{""amplitude"": 0, ""apply_aura"": 107, ""base_points"": 999, ""chain_targets"": 0, ""die_sides"": 1, ""implicit_target_a"": 1, ""implicit_target_b"": 0, ""mechanic"": 0, ""misc_value"": 1, ""points_per_level"": 16.666666666666668, ""radius_yards"": null, ""trigger_spell"": 0, ""type"": 6}",,,148,,,"{""AuraDescription_Lang_Mask"": 16712188, ""CastingTimeIndex"": 1, ""Description_Lang_Mask"": 16712190, ""Description_Lang_enUS"": ""Increases the duration of your Intimidating Shout by $/1000;s1 sec."", ""EffectBonusMultiplier_1"": 1.0, ""EffectBonusMultiplier_2"": 1.0, ""EffectBonusMultiplier_3"": 1.0, ""EffectChainAmplitude_1"": 1.0, ""EffectItemType_1"": 262144, ""EffectSpellClassMaskA_1"": 262144, ""EquippedItemClass"": -1, ""MaxLevel"": 80, ""NameSubtext_Lang_Mask"": 16712190, ""NameSubtext_Lang_enUS"": """", ""Name_Lang_Mask"": 16712190, ""ProcChance"": 101, ""RangeIndex"": 1, ""SpellClassSet"": 4}",pulled from existing data; single-rank bootstrap: BasePoints/BaseLevel/SpellLevel kept from rank 1 (learn level 0); RealPointsPerLevel from rank1->covers-60 (anchor rank 2 @ level 60); coefficient/cast_time_ms/mana_cost_pct from max rank; MaxLevel set to 80
20230,Retaliation,1,0,0,327696,132,0,300000,12000,1,0,0,0.0,,12000,"{""amplitude"": 0, ""apply_aura"": 4, ""base_points"": -1, ""chain_targets"": 0, ""die_sides"": 1, ""implicit_target_a"": 1, ""implicit_target_b"": 0, ""mechanic"": 0, ""misc_value"": 0, ""points_per_level"": 0.0, ""radius_yards"": null, ""trigger_spell"": 0, ""type"": 6}",,,278,,,"{""AttributesEx"": 131072, ""AttributesEx3"": 512, ""AttributesEx4"": 524288, ""AuraDescription_Lang_Mask"": 16712190, ""AuraDescription_Lang_enUS"": ""Counterattacking all melee attacks."", ""BaseLevel"": 20, ""CastingTimeIndex"": 1, ""DefenseType"": 2, ""Description_Lang_Mask"": 16712190, ""Description_Lang_enUS"": ""Instantly counterattack any enemy that strikes you in melee for $20230d.  Melee attacks made from behind cannot be counterattacked.  A maximum of $20230n attacks will cause retaliation."", ""EffectBonusMultiplier_1"": 1.0, ""EffectBonusMultiplier_2"": 1.0, ""EffectBonusMultiplier_3"": 1.0, ""EffectChainAmplitude_1"": 1.0, ""EffectChainAmplitude_2"": 1.0, ""EffectChainAmplitude_3"": 1.0, ""EquippedItemClass"": -1, ""NameSubtext_Lang_Mask"": 16712188, ""Name_Lang_Mask"": 16712190, ""PreventionType"": 2, ""ProcChance"": 100, ""ProcCharges"": 20, ""ProcTypeMask"": 40, ""RangeIndex"": 1, ""ShapeshiftMask"": 65536, ""SpellClassMask_2"": 8, ""SpellClassSet"": 4, ""SpellLevel"": 20, ""SpellVisualID_1"": 7395, ""StartRecoveryCategory"": 133, ""StartRecoveryTime"": 1500}",pulled from existing data
20243,Devastate,1,0,0,327696,0,0,0,0,1,150,0,5.0,,,,"{""amplitude"": 0, ""apply_aura"": 0, ""base_points"": 119, ""chain_targets"": 0, ""die_sides"": 1, ""implicit_target_a"": 6, ""implicit_target_b"": 0, ""mechanic"": 0, ""misc_value"": 0, ""points_per_level"": 0.0, ""radius_yards"": null, ""trigger_spell"": 0, ""type"": 31}","{""amplitude"": 0, ""apply_aura"": 0, ""base_points"": 57, ""chain_targets"": 0, ""die_sides"": 1, ""implicit_target_a"": 6, ""implicit_target_b"": 0, ""mechanic"": 0, ""misc_value"": 0, ""points_per_level"": 6.133333333333334, ""radius_yards"": null, ""trigger_spell"": 0, ""type"": 121}",1508,,,"{""AttributesEx"": 134218240, ""AuraDescription_Lang_Mask"": 16712190, ""AuraDescription_Lang_enUS"": ""Armor decreased by $s1."", ""BaseLevel"": 50, ""CastingTimeIndex"": 1, ""CumulativeAura"": 5, ""DefenseType"": 2, ""Description_Lang_Mask"": 16712190, ""Description_Lang_enUS"": ""Sunder the target's armor causing the Sunder Armor effect.  In addition, causes $s2% of weapon damage plus $s3 for each application of Sunder Armor on the target.  The Sunder Armor effect can stack up to $u times."", ""EffectChainAmplitude_1"": 1.0, ""EffectChainAmplitude_2"": 1.0, ""EffectChainAmplitude_3"": 1.0, ""EquippedItemClass"": 4, ""EquippedItemSubclass"": 64, ""FacingCasterFlags"": 1, ""ImplicitTargetA_1"": 6, ""MaxLevel"": 80, ""NameSubtext_Lang_Mask"": 16712190, ""NameSubtext_Lang_enUS"": """", ""Name_Lang_Mask"": 16712190, ""PreventionType"": 2, ""ProcChance"": 101, ""RangeIndex"": 2, ""SpellClassMask_2"": 64, ""SpellClassSet"": 4, ""SpellLevel"": 50, ""SpellVisualID_1"": 12295, ""StartRecoveryCategory"": 133, ""StartRecoveryTime"": 1500}",pulled from existing data; single-rank bootstrap: BasePoints/BaseLevel/SpellLevel kept from rank 1 (learn level 50); RealPointsPerLevel from rank1->covers-60-overridden(undershoot-vs-top-rank) (anchor rank 5 @ level 80); coefficient/cast_time_ms/mana_cost_pct from max rank; MaxLevel set to 80
20252,Intercept,1,0,0,537198608,1158,0,0,30000,1,100,0,25.0,,,"{""amplitude"": 0, ""apply_aura"": 0, ""base_points"": 0, ""chain_targets"": 0, ""die_sides"": 0, ""implicit_target_a"": 6, ""implicit_target_b"": 0, ""mechanic"": 0, ""misc_value"": 0, ""points_per_level"": 0.0, ""radius_yards"": null, ""trigger_spell"": 0, ""type"": 96}","{""amplitude"": 0, ""apply_aura"": 0, ""base_points"": 0, ""chain_targets"": 0, ""die_sides"": 0, ""implicit_target_a"": 6, ""implicit_target_b"": 0, ""mechanic"": 0, ""misc_value"": 0, ""points_per_level"": 0.0, ""radius_yards"": null, ""trigger_spell"": 20253, ""type"": 64}",,516,,,"{""AttributesEx"": 1024, ""AttributesEx6"": 8388608, ""AttributesEx7"": 262144, ""AuraDescription_Lang_Mask"": 16712188, ""BaseLevel"": 30, ""CastingTimeIndex"": 1, ""Description_Lang_Mask"": 16712190, ""Description_Lang_enUS"": ""Charge an enemy, causing ${$AP*0.12} damage (based on attack power) and stunning it for $20253d."", ""EffectBonusMultiplier_1"": 1.0, ""EffectBonusMultiplier_2"": 1.0, ""EffectChainAmplitude_1"": 1.0, ""EffectChainAmplitude_2"": 1.0, ""EffectChainAmplitude_3"": 1.0, ""EquippedItemClass"": -1, ""ExcludeTargetAuraSpell"": 65219, ""FacingCasterFlags"": 1, ""NameSubtext_Lang_Mask"": 16712190, ""Name_Lang_Mask"": 16712190, ""PreventionType"": 2, ""RangeIndex"": 95, ""ShapeshiftMask"": 262144, ""SpellClassMask_1"": 1073741824, ""SpellClassSet"": 4, ""SpellLevel"": 30, ""SpellVisualID_1"": 29}",pulled from existing data
23920,Spell Reflection,1,0,0,134545424,0,0,10000,0,1,150,0,0.0,,5000,"{""amplitude"": 0, ""apply_aura"": 28, ""base_points"": 99, ""chain_targets"": 0, ""die_sides"": 1, ""implicit_target_a"": 1, ""implicit_target_b"": 0, ""mechanic"": 0, ""misc_value"": 0, ""points_per_level"": 0.0, ""radius_yards"": null, ""trigger_spell"": 0, ""type"": 6}",,,1935,,,"{""AttributesEx3"": 67108866, ""AttributesEx4"": 524288, ""AuraDescription_Lang_Mask"": 16712190, ""AuraDescription_Lang_enUS"": ""Reflects the next spell cast on you."", ""BaseLevel"": 64, ""CastingTimeIndex"": 1, ""Description_Lang_Mask"": 16712190, ""Description_Lang_enUS"": ""Raise your shield, reflecting the next spell cast on you.  Lasts $d."", ""EffectBonusMultiplier_2"": 1.0, ""EffectBonusMultiplier_3"": 1.0, ""EffectChainAmplitude_1"": 1.0, ""EffectChainAmplitude_2"": 1.0, ""EffectChainAmplitude_3"": 1.0, ""EffectMultipleValue_1"": 1.0, ""EquippedItemClass"": 4, ""EquippedItemSubclass"": 64, ""NameSubtext_Lang_Mask"": 16712172, ""Name_Lang_Mask"": 16712190, ""PreventionType"": 2, ""ProcChance"": 100, ""ProcCharges"": 1, ""ProcTypeMask"": 139936, ""RangeIndex"": 1, ""ShapeshiftMask"": 196608, ""SpellClassMask_2"": 2, ""SpellClassSet"": 4, ""SpellLevel"": 64, ""SpellVisualID_1"": 7962}",pulled from existing data
23922,Shield Slam,1,0,0,327696,1209,0,0,6000,1,200,0,5.0,,,"{""amplitude"": 0, ""apply_aura"": 0, ""base_points"": 0, ""chain_targets"": 0, ""die_sides"": 1, ""implicit_target_a"": 6, ""implicit_target_b"": 0, ""mechanic"": 0, ""misc_value"": 1, ""points_per_level"": 0.0, ""radius_yards"": null, ""trigger_spell"": 0, ""type"": 38}","{""amplitude"": 0, ""apply_aura"": 0, ""base_points"": 293, ""chain_targets"": 0, ""die_sides"": 15, ""implicit_target_a"": 6, ""implicit_target_b"": 0, ""mechanic"": 0, ""misc_value"": 0, ""points_per_level"": 17.4, ""radius_yards"": null, ""trigger_spell"": 0, ""type"": 2}",,413,,,"{""AttributesEx"": 134218240, ""AuraDescription_Lang_Mask"": 16712188, ""BaseLevel"": 40, ""CastingTimeIndex"": 1, ""DefenseType"": 2, ""Description_Lang_Mask"": 16712190, ""Description_Lang_enUS"": ""Slam the target with your shield, causing $s2 damage, modified by your shield block value, and dispels $s1 magic effect on the target.  Also causes a high amount of threat."", ""EffectBonusMultiplier_2"": 1.0, ""EffectBonusMultiplier_3"": 1.0, ""EffectChainAmplitude_1"": 1.0, ""EffectChainAmplitude_2"": 1.0, ""EffectChainAmplitude_3"": 1.0, ""EquippedItemClass"": 4, ""EquippedItemSubclass"": 64, ""FacingCasterFlags"": 1, ""MaxLevel"": 80, ""NameSubtext_Lang_Mask"": 16712190, ""NameSubtext_Lang_enUS"": """", ""Name_Lang_Mask"": 16712190, ""PreventionType"": 2, ""ProcChance"": 101, ""RangeIndex"": 2, ""SpellClassMask_2"": 512, ""SpellClassSet"": 4, ""SpellLevel"": 40, ""SpellVisualID_1"": 42, ""StartRecoveryCategory"": 133, ""StartRecoveryTime"": 1500}",pulled from existing data; single-rank bootstrap: BasePoints/BaseLevel/SpellLevel kept from rank 1 (learn level 40); RealPointsPerLevel from rank1->covers-60-overridden(undershoot-vs-top-rank) (anchor rank 8 @ level 80); coefficient/cast_time_ms/mana_cost_pct from max rank; MaxLevel set to 80
25286,Heroic Strike,1,0,0,327700,0,0,0,0,1,150,0,5.0,,,"{""amplitude"": 0, ""apply_aura"": 0, ""base_points"": 200, ""chain_targets"": 0, ""die_sides"": 1, ""implicit_target_a"": 6, ""implicit_target_b"": 0, ""mechanic"": 0, ""misc_value"": 0, ""points_per_level"": 0.0, ""radius_yards"": null, ""trigger_spell"": 0, ""type"": 58}",,,856,,,"{""AttributesEx"": 134217728, ""AttributesEx3"": 1024, ""AuraDescription_Lang_Mask"": 16712188, ""BaseLevel"": 60, ""CastingTimeIndex"": 1, ""DefenseType"": 2, ""Description_Lang_Mask"": 16712190, ""Description_Lang_enUS"": ""A strong attack that increases melee damage by $s1 and causes a high amount of threat."", ""EffectBonusMultiplier_1"": 1.0, ""EffectChainAmplitude_1"": 1.0, ""EffectChainAmplitude_2"": 1.0, ""EffectChainAmplitude_3"": 1.0, ""EquippedItemClass"": 2, ""EquippedItemSubclass"": 173555, ""FacingCasterFlags"": 1, ""NameSubtext_Lang_Mask"": 16712190, ""NameSubtext_Lang_enUS"": ""Rank 9"", ""Name_Lang_Mask"": 16712190, ""PreventionType"": 2, ""ProcChance"": 101, ""RangeIndex"": 2, ""SpellClassMask_1"": 64, ""SpellClassSet"": 4, ""SpellLevel"": 60, ""SpellPriority"": 50, ""SpellVisualID_1"": 39}","pulled from existing data; step-7: superseded rank, kept (referenced by item_template spellid)"
25288,Revenge,1,0,0,327696,65,0,0,5000,1,50,0,5.0,,,"{""amplitude"": 0, ""apply_aura"": 0, ""base_points"": 722, ""chain_targets"": 0, ""die_sides"": 161, ""implicit_target_a"": 6, ""implicit_target_b"": 0, ""mechanic"": 0, ""misc_value"": 0, ""points_per_level"": 0.0, ""radius_yards"": null, ""trigger_spell"": 0, ""type"": 2}",,,562,,,"{""AttributesEx"": 134218240, ""AttributesEx3"": 1024, ""AttributesEx4"": 512, ""AuraDescription_Lang_Mask"": 16712188, ""BaseLevel"": 60, ""CasterAuraState"": 1, ""CastingTimeIndex"": 1, ""DefenseType"": 2, ""Description_Lang_Mask"": 16712190, ""Description_Lang_enUS"": ""Instantly counterattack an enemy for ${$m1+$AP*0.310} to ${$M1+$AP*0.310} damage.   Revenge is only usable after the warrior blocks, dodges or parries an attack."", ""EffectBonusMultiplier_1"": 1.0, ""EffectChainAmplitude_1"": 1.0, ""EffectChainAmplitude_2"": 1.0, ""EffectChainAmplitude_3"": 1.0, ""EquippedItemClass"": 2, ""EquippedItemSubclass"": 173555, ""FacingCasterFlags"": 1, ""NameSubtext_Lang_Mask"": 16712190, ""NameSubtext_Lang_enUS"": ""Rank 6"", ""Name_Lang_Mask"": 16712190, ""PreventionType"": 2, ""ProcChance"": 101, ""RangeIndex"": 2, ""ShapeshiftMask"": 131072, ""SpellClassMask_1"": 1024, ""SpellClassSet"": 4, ""SpellLevel"": 60, ""SpellPriority"": 50, ""SpellVisualID_1"": 342, ""StartRecoveryCategory"": 133, ""StartRecoveryTime"": 1500}","pulled from existing data; step-7: superseded rank, kept (referenced by item_template spellid)"
25289,Battle Shout,1,0,0,327696,0,0,0,0,1,100,0,0.0,,120000,"{""amplitude"": 0, ""apply_aura"": 99, ""base_points"": 231, ""chain_targets"": 0, ""die_sides"": 1, ""implicit_target_a"": 56, ""implicit_target_b"": 0, ""mechanic"": 0, ""misc_value"": 0, ""points_per_level"": 1.0, ""radius_yards"": 30.0, ""trigger_spell"": 0, ""type"": 6}","{""amplitude"": 0, ""apply_aura"": 124, ""base_points"": 231, ""chain_targets"": 0, ""die_sides"": 1, ""implicit_target_a"": 56, ""implicit_target_b"": 0, ""mechanic"": 0, ""misc_value"": 0, ""points_per_level"": 1.0, ""radius_yards"": 30.0, ""trigger_spell"": 0, ""type"": 6}",,456,,,"{""AttributesEx6"": 67108864, ""AttributesEx7"": 268435456, ""AuraDescription_Lang_Mask"": 16712190, ""AuraDescription_Lang_enUS"": ""Increases your attack power by $s1."", ""BaseLevel"": 60, ""CastingTimeIndex"": 1, ""DefenseType"": 1, ""Description_Lang_Mask"": 16712190, ""Description_Lang_enUS"": ""The warrior shouts, increasing attack power of all raid and party members within $a1 yards by $s1.  Lasts $d."", ""EffectChainAmplitude_1"": 1.0, ""EffectChainAmplitude_2"": 1.0, ""EffectChainAmplitude_3"": 1.0, ""EquippedItemClass"": -1, ""MaxLevel"": 68, ""NameSubtext_Lang_Mask"": 16712190, ""NameSubtext_Lang_enUS"": ""Rank 7"", ""Name_Lang_Mask"": 16712190, ""PreventionType"": 1, ""ProcChance"": 101, ""RangeIndex"": 1, ""SpellClassMask_1"": 65536, ""SpellClassSet"": 4, ""SpellLevel"": 60, ""SpellPriority"": 50, ""SpellVisualID_1"": 246, ""StartRecoveryCategory"": 133, ""StartRecoveryTime"": 1500}","pulled from existing data; step-7: superseded rank, kept (referenced by item_template spellid)"
29559,Defensive Tactics,1,0,0,464,0,0,0,0,0,0,0,0.0,,-1,"{""amplitude"": 0, ""apply_aura"": 112, ""base_points"": 32, ""chain_targets"": 0, ""die_sides"": 1, ""implicit_target_a"": 1, ""implicit_target_b"": 0, ""mechanic"": 0, ""misc_value"": 831, ""points_per_level"": 1.1355932203389831, ""radius_yards"": null, ""trigger_spell"": 0, ""type"": 6}",,,291,,,"{""AuraDescription_Lang_Mask"": 16712188, ""CastingTimeIndex"": 1, ""Description_Lang_Mask"": 16712190, ""Description_Lang_enUS"": ""You retain up to $s1% of your rage when you change from Defensive Stance to any other stance."", ""EffectChainAmplitude_1"": 1.0, ""EffectChainAmplitude_2"": 1.0, ""EffectChainAmplitude_3"": 1.0, ""EffectSpellClassMaskA_1"": 8388608, ""EquippedItemClass"": -1, ""MaxLevel"": 80, ""NameSubtext_Lang_Mask"": 16712190, ""NameSubtext_Lang_enUS"": """", ""Name_Lang_Mask"": 16712190, ""ProcChance"": 101, ""RangeIndex"": 1, ""SpellClassSet"": 4, ""SpellLevel"": 1, ""SpellPriority"": 50}",pulled from existing data; single-rank bootstrap: BasePoints/BaseLevel/SpellLevel kept from rank 1 (learn level 1); RealPointsPerLevel from rank1->covers-60 (anchor rank 3 @ level 60); coefficient/cast_time_ms/mana_cost_pct from max rank; MaxLevel set to 80
29841,Second Wind,1,0,0,16,0,0,0,0,0,0,0,0.0,,10000,"{""amplitude"": 2000, ""apply_aura"": 24, ""base_points"": 19, ""chain_targets"": 0, ""die_sides"": 1, ""implicit_target_a"": 1, ""implicit_target_b"": 0, ""mechanic"": 0, ""misc_value"": 1, ""points_per_level"": 0.3389830508474576, ""radius_yards"": null, ""trigger_spell"": 0, ""type"": 6}","{""amplitude"": 2000, ""apply_aura"": 20, ""base_points"": 0, ""chain_targets"": 0, ""die_sides"": 1, ""implicit_target_a"": 1, ""implicit_target_b"": 0, ""mechanic"": 0, ""misc_value"": 0, ""points_per_level"": 0.01694915254237288, ""radius_yards"": null, ""trigger_spell"": 0, ""type"": 6}",,1697,,,"{""AuraDescription_Lang_Mask"": 16712190, ""AuraDescription_Lang_enUS"": ""Generates $/10;s1 rage and heals $s2% of your total health every $t1 sec."", ""CastingTimeIndex"": 1, ""Description_Lang_Mask"": 16712190, ""Description_Lang_enUS"": ""Whenever you are struck by a Stun or Immobilize effect you will generate $/10;29841o1 rage and $29841o2% of your total health over $29841d."", ""EffectChainAmplitude_1"": 1.0, ""EffectChainAmplitude_2"": 1.0, ""EffectChainAmplitude_3"": 1.0, ""EffectSpellClassMaskA_1"": 8208, ""EffectSpellClassMaskA_2"": 8, ""EquippedItemClass"": -1, ""MaxLevel"": 80, ""NameSubtext_Lang_Mask"": 16712190, ""NameSubtext_Lang_enUS"": """", ""Name_Lang_Mask"": 16712190, ""ProcChance"": 101, ""RangeIndex"": 1, ""SpellClassSet"": 4, ""SpellLevel"": 1, ""SpellPriority"": 50}",pulled from existing data; single-rank bootstrap: BasePoints/BaseLevel/SpellLevel kept from rank 1 (learn level 1); RealPointsPerLevel from rank1->covers-60 (anchor rank 2 @ level 60); coefficient/cast_time_ms/mana_cost_pct from max rank; MaxLevel set to 80
30213,Cleave,1,0,0,327696,40,0,0,6000,0,0,10,5.0,,,"{""amplitude"": 0, ""apply_aura"": 0, ""base_points"": 31, ""chain_targets"": 2, ""die_sides"": 1, ""implicit_target_a"": 6, ""implicit_target_b"": 0, ""mechanic"": 0, ""misc_value"": 0, ""points_per_level"": 3.066666666666667, ""radius_yards"": null, ""trigger_spell"": 0, ""type"": 58}",,,277,,,"{""AttributesEx"": 512, ""AttributesEx2"": 4096, ""AttributesEx5"": 32768, ""AuraDescription_Lang_Mask"": 16712188, ""BaseLevel"": 50, ""CastingTimeIndex"": 1, ""DefenseType"": 2, ""Description_Lang_Mask"": 16712190, ""Description_Lang_enUS"": ""A sweeping attack that does the Felguard's weapon damage plus $s1 to the target and his nearest ally."", ""EffectBonusMultiplier_1"": 1.0, ""EffectChainAmplitude_1"": 1.0, ""EffectChainAmplitude_2"": 1.0, ""EffectChainAmplitude_3"": 1.0, ""EquippedItemClass"": -1, ""FacingCasterFlags"": 1, ""MaxLevel"": 80, ""NameSubtext_Lang_Mask"": 16712190, ""NameSubtext_Lang_enUS"": """", ""Name_Lang_Mask"": 16712190, ""PreventionType"": 2, ""ProcChance"": 101, ""RangeIndex"": 2, ""SpellClassMask_1"": 4194304, ""SpellClassSet"": 4, ""SpellLevel"": 50, ""SpellPriority"": 50, ""SpellVisualID_1"": 219, ""StartRecoveryCategory"": 133, ""StartRecoveryTime"": 1500}",pulled from existing data; single-rank bootstrap: BasePoints/BaseLevel/SpellLevel kept from rank 1 (learn level 50); RealPointsPerLevel from rank1->covers-60-overridden(undershoot-vs-top-rank) (anchor rank 4 @ level 80); coefficient/cast_time_ms/mana_cost_pct from max rank; MaxLevel set to 80
34428,Victory Rush,1,0,0,327696,0,0,0,0,1,0,0,5.0,,,"{""amplitude"": 0, ""apply_aura"": 0, ""base_points"": 44, ""chain_targets"": 0, ""die_sides"": 1, ""implicit_target_a"": 6, ""implicit_target_b"": 0, ""mechanic"": 0, ""misc_value"": 0, ""points_per_level"": 0.0, ""radius_yards"": null, ""trigger_spell"": 0, ""type"": 2}",,,2053,,,"{""AttributesEx"": 134218240, ""AttributesEx4"": 512, ""AuraDescription_Lang_Mask"": 16712188, ""BaseLevel"": 6, ""CasterAuraState"": 10, ""CastingTimeIndex"": 1, ""DefenseType"": 2, ""Description_Lang_Mask"": 16712190, ""Description_Lang_enUS"": ""Instantly attack the target causing ${$AP*$m1/100} damage.  Can only be used within $32216d after you kill an enemy that yields experience or honor.  Damage is based on your attack power."", ""EffectBonusMultiplier_1"": 1.0, ""EffectBonusMultiplier_2"": 1.0, ""EffectChainAmplitude_1"": 1.0, ""EffectChainAmplitude_2"": 1.0, ""EffectChainAmplitude_3"": 1.0, ""EquippedItemClass"": -1, ""FacingCasterFlags"": 1, ""NameSubtext_Lang_Mask"": 16712190, ""Name_Lang_Mask"": 16712190, ""PreventionType"": 2, ""ProcChance"": 101, ""RangeIndex"": 2, ""ShapeshiftMask"": 327680, ""SpellClassMask_2"": 256, ""SpellClassSet"": 4, ""SpellLevel"": 6, ""SpellPriority"": 50, ""SpellVisualID_1"": 372, ""StartRecoveryCategory"": 133, ""StartRecoveryTime"": 1500}",pulled from existing data
55694,Enraged Regeneration,1,0,0,327696,0,0,180000,0,1,150,0,0.0,,10000,"{""amplitude"": 1000, ""apply_aura"": 20, ""base_points"": 2, ""chain_targets"": 0, ""die_sides"": 1, ""implicit_target_a"": 1, ""implicit_target_b"": 0, ""mechanic"": 0, ""misc_value"": 0, ""points_per_level"": 0.0, ""radius_yards"": null, ""trigger_spell"": 0, ""type"": 6}","{""amplitude"": 0, ""apply_aura"": 77, ""base_points"": -1, ""chain_targets"": 0, ""die_sides"": 1, ""implicit_target_a"": 1, ""implicit_target_b"": 0, ""mechanic"": 0, ""misc_value"": 31, ""points_per_level"": 0.0, ""radius_yards"": null, ""trigger_spell"": 0, ""type"": 6}",,2008,,,"{""AttributesEx"": 98304, ""AuraDescription_Lang_Mask"": 16712190, ""AuraDescription_Lang_enUS"": ""Regenerates $s1% of your total health every $t1 sec."", ""BaseLevel"": 75, ""CasterAuraState"": 17, ""CastingTimeIndex"": 1, ""Description_Lang_Mask"": 16712190, ""Description_Lang_enUS"": ""You regenerate $o1% of your total health over $d.  This ability requires an Enrage effect, consumes all Enrage effects and prevents any from affecting you for the full duration."", ""EffectChainAmplitude_1"": 1.0, ""EffectChainAmplitude_2"": 1.0, ""EffectChainAmplitude_3"": 1.0, ""EquippedItemClass"": -1, ""NameSubtext_Lang_Mask"": 16712172, ""Name_Lang_Mask"": 16712190, ""ProcChance"": 101, ""RangeIndex"": 1, ""SpellClassMask_2"": 131072, ""SpellClassSet"": 4, ""SpellLevel"": 75, ""SpellPriority"": 50, ""SpellVisualID_1"": 12582, ""StartRecoveryCategory"": 133, ""StartRecoveryTime"": 1500}",pulled from existing data
57755,Heroic Throw,1,0,0,2424848,0,0,60000,0,1,0,0,30.0,,,"{""amplitude"": 0, ""apply_aura"": 0, ""base_points"": 11, ""chain_targets"": 0, ""die_sides"": 1, ""implicit_target_a"": 6, ""implicit_target_b"": 0, ""mechanic"": 0, ""misc_value"": 0, ""points_per_level"": 0.0, ""radius_yards"": null, ""trigger_spell"": 0, ""type"": 2}",,,3182,,,"{""AttributesEx"": 512, ""AttributesEx3"": 1024, ""AuraDescription_Lang_Mask"": 16712188, ""BaseLevel"": 80, ""CastingTimeIndex"": 1, ""DefenseType"": 2, ""Description_Lang_Mask"": 16712190, ""Description_Lang_enUS"": ""Throws your weapon at the enemy causing ${$m1+$AP*.50} damage (based on attack power).  This ability causes high threat."", ""EffectBonusMultiplier_2"": 1.0, ""EffectChainAmplitude_1"": 1.0, ""EffectChainAmplitude_2"": 1.0, ""EffectChainAmplitude_3"": 1.0, ""EquippedItemClass"": 2, ""EquippedItemSubclass"": 173555, ""FacingCasterFlags"": 1, ""InterruptFlags"": 8, ""NameSubtext_Lang_Mask"": 16712188, ""Name_Lang_Mask"": 16712190, ""PreventionType"": 2, ""ProcChance"": 101, ""Speed"": 50.0, ""SpellClassMask_2"": 1, ""SpellClassSet"": 4, ""SpellLevel"": 80, ""SpellVisualID_1"": 13222, ""StartRecoveryCategory"": 133, ""StartRecoveryTime"": 1500}",pulled from existing data
64382,Shattering Throw,1,0,0,327696,0,1500,300000,0,1,250,0,30.0,,10000,"{""amplitude"": 0, ""apply_aura"": 0, ""base_points"": 11, ""chain_targets"": 0, ""die_sides"": 1, ""implicit_target_a"": 6, ""implicit_target_b"": 0, ""mechanic"": 0, ""misc_value"": 0, ""points_per_level"": 0.0, ""radius_yards"": null, ""trigger_spell"": 0, ""type"": 2}","{""amplitude"": 0, ""apply_aura"": 101, ""base_points"": -21, ""chain_targets"": 0, ""die_sides"": 1, ""implicit_target_a"": 6, ""implicit_target_b"": 0, ""mechanic"": 0, ""misc_value"": 1, ""points_per_level"": 0.0, ""radius_yards"": null, ""trigger_spell"": 0, ""type"": 6}",,3998,,,"{""AttributesEx"": 512, ""AttributesEx3"": 1024, ""AttributesEx7"": 25165824, ""AuraDescription_Lang_Mask"": 16712190, ""AuraDescription_Lang_enUS"": ""Armor reduced by $s2%."", ""BaseLevel"": 71, ""CastingTimeIndex"": 16, ""DefenseType"": 2, ""Description_Lang_Mask"": 16712190, ""Description_Lang_enUS"": ""Throws your weapon at the enemy causing ${$64382m1+$AP*.50} damage (based on attack power), reducing the armor on the target by $64382s2% for $64382d or removing any invulnerabilities."", ""EffectChainAmplitude_1"": 1.0, ""EffectChainAmplitude_2"": 1.0, ""EffectChainAmplitude_3"": 1.0, ""EquippedItemClass"": 2, ""EquippedItemSubclass"": 173555, ""FacingCasterFlags"": 1, ""InterruptFlags"": 9, ""NameSubtext_Lang_Mask"": 16712172, ""Name_Lang_Mask"": 16712190, ""ProcChance"": 101, ""ShapeshiftMask"": 65536, ""Speed"": 50.0, ""SpellClassMask_2"": 4194304, ""SpellClassSet"": 4, ""SpellLevel"": 71, ""SpellVisualID_1"": 13222, ""StartRecoveryCategory"": 133, ""StartRecoveryTime"": 1500}",pulled from existing data
